Jurisdiction of Occurrence,Week Ending Date,Week Ending Date,All Cause,Natural Cause,Septicemia (A40-A41),Malignant neoplasms (C00-C97),Diabetes mellitus (E10-E14),Alzheimer disease (G30),Influenza and pneumonia (J09-J18),Chronic lower respiratory diseases (J40-J47),"Other diseases of respiratory system (J00-J06,J30-J39,J67,J70-J98)","Nephritis, nephrotic syndrome and nephrosis (N00-N07,N17-N19,N25-N27)","Symptoms, signs and abnormal clinical and laboratory findings, not elsewhere classified (R00-R99)","Diseases of heart (I00-I09,I11,I13,I20-I51)",Cerebrovascular diseases (I60-I69),"COVID-19 (U071, Multiple Cause of Death)","COVID-19 (U071, Underlying Cause of Death)"
Alabama,2023,1,4840,4429,106.0,825.0,104.0,189.0,94.0,271.0,91.0,112.0,69.0,1190.0,240.0,233.0,179.0
Alabama,2023,2,4806,4403,92.0,851.0,130.0,190.0,65.0,260.0,79.0,115.0,76.0,1187.0,247.0,173.0,133.0
Alabama,2023,3,4441,4022,79.0,777.0,108.0,160.0,80.0,259.0,89.0,99.0,82.0,1097.0,227.0,93.0,64.0
Alabama,2023,4,5493,5007,101.0,987.0,137.0,222.0,63.0,299.0,120.0,130.0,103.0,1352.0,284.0,88.0,45.0
Alabama,2023,5,4420,4002,81.0,820.0,101.0,163.0,69.0,212.0,85.0,96.0,97.0,1102.0,234.0,54.0,23.0
Alabama,2023,6,4140,3767,79.0,736.0,96.0,176.0,66.0,197.0,91.0,86.0,123.0,1016.0,217.0,10.0,0.0
Alabama,2023,7,5216,4838,107.0,1011.0,132.0,200.0,56.0,281.0,119.0,125.0,196.0,1225.0,283.0,38.0,0.0
Alabama,2023,8,4032,3814,72.0,750.0,93.0,163.0,55.0,210.0,83.0,76.0,139.0,985.0,260.0,74.0,41.0
Alabama,2023,9,2205,2168,43.0,434.0,36.0,98.0,25.0,128.0,45.0,28.0,75.0,552.0,107.0,61.0,52.0
Alaska,2023,1,446,373,0.0,69.0,0.0,0.0,0.0,0.0,0.0,0.0,0.0,76.0,10.0,0.0,0.0
Alaska,2023,2,432,359,0.0,75.0,0.0,0.0,0.0,0.0,0.0,0.0,0.0,79.0,0.0,0.0,0.0
Alaska,2023,3,393,334,0.0,79.0,0.0,0.0,0.0,0.0,0.0,0.0,0.0,68.0,0.0,0.0,0.0
Alaska,2023,4,513,424,0.0,91.0,0.0,0.0,0.0,0.0,0.0,0.0,0.0,94.0,0.0,0.0,0.0
Alaska,2023,5,378,299,0.0,70.0,0.0,0.0,0.0,0.0,0.0,0.0,0.0,80.0,0.0,0.0,0.0
Alaska,2023,6,407,323,0.0,90.0,0.0,0.0,0.0,0.0,0.0,0.0,0.0,52.0,0.0,0.0,0.0
Alaska,2023,7,436,357,0.0,69.0,0.0,0.0,0.0,0.0,0.0,0.0,0.0,73.0,0.0,0.0,0.0
Alaska,2023,8,297,264,0.0,60.0,0.0,0.0,0.0,0.0,0.0,0.0,0.0,44.0,0.0,0.0,0.0
Alaska,2023,9,104,100,0.0,30.0,0.0,0.0,0.0,0.0,0.0,0.0,0.0,0.0,0.0,0.0,0.0
Arizona,2023,1,5907,5280,47.0,1010.0,202.0,243.0,107.0,289.0,105.0,80.0,54.0,1269.0,302.0,233.0,158.0
Arizona,2023,2,5771,5126,43.0,1039.0,199.0,220.0,74.0,337.0,102.0,56.0,55.0,1291.0,269.0,129.0,75.0
Arizona,2023,3,5601,4950,40.0,984.0,199.0,223.0,78.0,292.0,109.0,71.0,60.0,1246.0,266.0,140.0,91.0
Arizona,2023,4,7094,6260,46.0,1299.0,254.0,264.0,116.0,411.0,132.0,95.0,80.0,1483.0,286.0,153.0,102.0
Arizona,2023,5,5209,4581,39.0,1014.0,165.0,215.0,77.0,258.0,94.0,61.0,59.0,1109.0,217.0,110.0,74.0
Arizona,2023,6,4991,4381,26.0,990.0,162.0,180.0,61.0,226.0,73.0,40.0,89.0,1064.0,226.0,76.0,27.0
Arizona,2023,7,6697,5827,50.0,1193.0,221.0,200.0,56.0,316.0,98.0,73.0,458.0,1291.0,273.0,84.0,43.0
Arizona,2023,8,4919,4483,34.0,990.0,153.0,200.0,51.0,220.0,68.0,59.0,478.0,911.0,220.0,34.0,0.0
Arizona,2023,9,3128,3019,13.0,629.0,99.0,135.0,36.0,137.0,58.0,20.0,312.0,612.0,148.0,48.0,35.0
Arkansas,2023,1,3009,2789,56.0,506.0,115.0,136.0,62.0,203.0,49.0,72.0,0.0,692.0,152.0,163.0,111.0
Arkansas,2023,2,2856,2636,47.0,522.0,81.0,116.0,38.0,209.0,26.0,50.0,0.0,706.0,135.0,99.0,71.0
Arkansas,2023,3,2751,2554,50.0,496.0,106.0,116.0,59.0,210.0,34.0,65.0,0.0,640.0,150.0,51.0,0.0
Arkansas,2023,4,3341,3043,62.0,615.0,120.0,136.0,46.0,239.0,24.0,61.0,0.0,749.0,173.0,34.0,10.0
Arkansas,2023,5,2593,2366,54.0,499.0,105.0,97.0,22.0,150.0,37.0,67.0,20.0,580.0,140.0,26.0,11.0
Arkansas,2023,6,2508,2327,49.0,486.0,108.0,97.0,23.0,146.0,12.0,30.0,59.0,597.0,111.0,0.0,0.0
Arkansas,2023,7,3235,3038,40.0,627.0,125.0,147.0,47.0,200.0,35.0,65.0,140.0,775.0,139.0,0.0,0.0
Arkansas,2023,8,2518,2345,31.0,500.0,78.0,104.0,0.0,146.0,41.0,60.0,95.0,585.0,122.0,14.0,10.0
Arkansas,2023,9,1646,1601,16.0,360.0,51.0,68.0,20.0,118.0,0.0,24.0,44.0,419.0,79.0,37.0,11.0
California,2023,1,25530,23213,161.0,4784.0,943.0,1357.0,582.0,1087.0,282.0,426.0,221.0,5625.0,1503.0,1247.0,883.0
California,2023,2,24771,22673,172.0,4744.0,996.0,1347.0,516.0,1112.0,314.0,449.0,279.0,5472.0,1485.0,745.0,518.0
California,2023,3,24348,22284,171.0,4582.0,975.0,1292.0,445.0,1054.0,264.0,430.0,317.0,5608.0,1411.0,693.0,458.0
California,2023,4,28630,26042,181.0,5594.0,1118.0,1518.0,456.0,1231.0,349.0,474.0,569.0,6326.0,1756.0,593.0,386.0
California,2023,5,21642,19764,110.0,4591.0,862.0,1119.0,353.0,859.0,255.0,380.0,523.0,4704.0,1315.0,337.0,213.0
California,2023,6,21394,19553,121.0,4579.0,770.0,1098.0,383.0,842.0,227.0,336.0,627.0,4589.0,1321.0,293.0,195.0
California,2023,7,26419,24321,139.0,5724.0,966.0,1449.0,429.0,1092.0,305.0,419.0,1335.0,5436.0,1556.0,297.0,209.0
California,2023,8,20671,19565,138.0,4662.0,704.0,1099.0,279.0,755.0,230.0,325.0,1551.0,4130.0,1247.0,359.0,265.0
California,2023,9,12854,12626,68.0,3005.0,440.0,842.0,194.0,472.0,147.0,204.0,916.0,2546.0,810.0,317.0,246.0
Colorado,2023,1,3727,3284,35.0,599.0,100.0,153.0,49.0,256.0,59.0,64.0,0.0,676.0,178.0,169.0,85.0
Colorado,2023,2,3565,3130,36.0,656.0,93.0,148.0,11.0,194.0,45.0,46.0,0.0,659.0,187.0,90.0,20.0
Colorado,2023,3,3560,3107,55.0,652.0,89.0,139.0,0.0,219.0,70.0,49.0,0.0,623.0,161.0,101.0,59.0
Colorado,2023,4,4487,3923,35.0,831.0,127.0,196.0,10.0,241.0,74.0,45.0,0.0,830.0,220.0,116.0,44.0
Colorado,2023,5,3392,2901,38.0,661.0,81.0,115.0,0.0,173.0,41.0,12.0,10.0,644.0,175.0,46.0,0.0
Colorado,2023,6,3286,2801,11.0,623.0,90.0,128.0,0.0,170.0,40.0,39.0,35.0,556.0,178.0,34.0,0.0
Colorado,2023,7,4045,3543,21.0,778.0,93.0,159.0,0.0,205.0,82.0,24.0,160.0,754.0,193.0,11.0,0.0
Colorado,2023,8,3328,3057,10.0,657.0,77.0,137.0,10.0,146.0,58.0,0.0,231.0,590.0,170.0,17.0,0.0
Colorado,2023,9,2062,1993,0.0,433.0,31.0,94.0,0.0,117.0,13.0,22.0,236.0,329.0,110.0,33.0,10.0
Connecticut,2023,1,2811,2595,33.0,500.0,61.0,82.0,63.0,120.0,58.0,67.0,11.0,557.0,142.0,185.0,126.0
Connecticut,2023,2,2757,2534,36.0,537.0,63.0,82.0,54.0,106.0,56.0,64.0,14.0,563.0,128.0,115.0,79.0
Connecticut,2023,3,2549,2327,21.0,511.0,66.0,85.0,39.0,83.0,40.0,35.0,0.0,526.0,98.0,72.0,50.0
Connecticut,2023,4,3000,2732,12.0,566.0,70.0,97.0,46.0,135.0,61.0,44.0,0.0,665.0,138.0,21.0,0.0
Connecticut,2023,5,2422,2174,10.0,476.0,24.0,81.0,26.0,89.0,49.0,48.0,21.0,516.0,132.0,0.0,0.0
Connecticut,2023,6,2275,2075,15.0,481.0,44.0,64.0,15.0,85.0,66.0,49.0,36.0,467.0,115.0,0.0,0.0
Connecticut,2023,7,2963,2725,25.0,670.0,61.0,80.0,25.0,112.0,36.0,70.0,103.0,579.0,124.0,0.0,0.0
Connecticut,2023,8,2284,2219,10.0,491.0,37.0,65.0,0.0,75.0,57.0,46.0,169.0,424.0,149.0,11.0,0.0
Connecticut,2023,9,1493,1493,11.0,351.0,11.0,50.0,23.0,55.0,28.0,37.0,121.0,263.0,59.0,28.0,11.0
Delaware,2023,1,909,813,0.0,174.0,0.0,13.0,0.0,28.0,0.0,0.0,0.0,190.0,74.0,55.0,0.0
Delaware,2023,2,888,800,0.0,169.0,23.0,0.0,0.0,28.0,0.0,0.0,0.0,193.0,77.0,42.0,0.0
Delaware,2023,3,881,788,0.0,180.0,0.0,10.0,0.0,0.0,0.0,0.0,0.0,194.0,65.0,22.0,0.0
Delaware,2023,4,1069,953,0.0,225.0,0.0,0.0,0.0,10.0,0.0,0.0,0.0,237.0,93.0,0.0,0.0
Delaware,2023,5,760,677,0.0,180.0,10.0,0.0,0.0,0.0,0.0,0.0,0.0,162.0,66.0,0.0,0.0
Delaware,2023,6,762,708,0.0,164.0,0.0,24.0,0.0,23.0,0.0,0.0,0.0,160.0,84.0,0.0,0.0
Delaware,2023,7,978,921,0.0,229.0,0.0,0.0,0.0,25.0,0.0,0.0,45.0,204.0,90.0,0.0,0.0
Delaware,2023,8,687,659,0.0,148.0,0.0,0.0,0.0,11.0,0.0,0.0,39.0,151.0,56.0,0.0,0.0
Delaware,2023,9,397,392,0.0,95.0,10.0,0.0,0.0,0.0,0.0,0.0,0.0,82.0,43.0,0.0,0.0
District of Columbia,2023,1,527,442,0.0,95.0,0.0,0.0,0.0,0.0,0.0,0.0,0.0,113.0,0.0,0.0,0.0
District of Columbia,2023,2,512,417,0.0,93.0,0.0,0.0,0.0,0.0,0.0,0.0,0.0,114.0,0.0,0.0,0.0
District of Columbia,2023,3,504,390,0.0,80.0,0.0,0.0,0.0,0.0,0.0,0.0,0.0,105.0,0.0,0.0,0.0
District of Columbia,2023,4,591,479,0.0,98.0,0.0,0.0,0.0,0.0,0.0,0.0,0.0,132.0,0.0,0.0,0.0
District of Columbia,2023,5,531,438,0.0,98.0,0.0,0.0,0.0,0.0,0.0,0.0,0.0,117.0,0.0,0.0,0.0
District of Columbia,2023,6,457,382,0.0,87.0,0.0,0.0,0.0,0.0,0.0,0.0,10.0,100.0,0.0,0.0,0.0
District of Columbia,2023,7,561,497,0.0,117.0,0.0,0.0,0.0,0.0,0.0,0.0,83.0,87.0,13.0,0.0,0.0
District of Columbia,2023,8,465,423,0.0,94.0,0.0,0.0,0.0,0.0,0.0,0.0,61.0,84.0,11.0,0.0,0.0
District of Columbia,2023,9,203,199,0.0,48.0,0.0,0.0,0.0,0.0,0.0,0.0,12.0,15.0,0.0,0.0,0.0
Florida,2023,1,19938,18102,237.0,3788.0,625.0,515.0,382.0,1016.0,241.0,320.0,338.0,4413.0,1382.0,899.0,629.0
Florida,2023,2,18847,16968,214.0,3691.0,593.0,519.0,239.0,929.0,249.0,278.0,322.0,4099.0,1311.0,701.0,485.0
Florida,2023,3,18415,16620,216.0,3759.0,596.0,452.0,243.0,896.0,244.0,288.0,303.0,4035.0,1303.0,437.0,260.0
Florida,2023,4,22146,19985,244.0,4567.0,707.0,584.0,286.0,1103.0,289.0,344.0,421.0,4778.0,1688.0,421.0,259.0
Florida,2023,5,17173,15507,216.0,3687.0,535.0,391.0,205.0,829.0,233.0,264.0,354.0,3697.0,1299.0,272.0,174.0
Florida,2023,6,17191,15583,215.0,3624.0,527.0,462.0,182.0,831.0,205.0,262.0,436.0,3652.0,1303.0,273.0,184.0
Florida,2023,7,21640,19721,270.0,4572.0,681.0,529.0,211.0,1025.0,267.0,320.0,833.0,4607.0,1554.0,358.0,242.0
Florida,2023,8,17155,16028,201.0,3526.0,567.0,467.0,178.0,835.0,198.0,264.0,1100.0,3582.0,1193.0,506.0,344.0
Florida,2023,9,10874,10588,114.0,2370.0,320.0,319.0,94.0,552.0,133.0,175.0,846.0,2317.0,824.0,383.0,254.0
Georgia,2023,1,8237,7516,149.0,1368.0,236.0,364.0,155.0,408.0,198.0,202.0,94.0,1836.0,415.0,446.0,325.0
Georgia,2023,2,7824,7104,147.0,1511.0,223.0,345.0,107.0,354.0,221.0,188.0,101.0,1706.0,389.0,275.0,176.0
Georgia,2023,3,7345,6667,145.0,1384.0,189.0,296.0,107.0,391.0,176.0,140.0,84.0,1704.0,364.0,175.0,108.0
Georgia,2023,4,9095,8248,204.0,1806.0,251.0,398.0,123.0,450.0,246.0,237.0,137.0,1950.0,484.0,148.0,83.0
Georgia,2023,5,6998,6382,142.0,1383.0,189.0,307.0,94.0,351.0,194.0,171.0,118.0,1508.0,379.0,84.0,41.0
Georgia,2023,6,6787,6210,135.0,1403.0,173.0,294.0,83.0,351.0,165.0,162.0,143.0,1452.0,336.0,70.0,12.0
Georgia,2023,7,8294,7644,168.0,1766.0,217.0,385.0,98.0,390.0,163.0,188.0,183.0,1828.0,424.0,82.0,36.0
Georgia,2023,8,6594,6198,131.0,1420.0,180.0,298.0,51.0,317.0,172.0,138.0,166.0,1405.0,386.0,113.0,79.0
Georgia,2023,9,3428,3359,73.0,765.0,70.0,164.0,36.0,167.0,79.0,74.0,65.0,785.0,201.0,102.0,73.0
Hawaii,2023,1,1067,995,0.0,212.0,0.0,40.0,11.0,0.0,0.0,0.0,0.0,239.0,80.0,21.0,0.0
Hawaii,2023,2,1002,920,0.0,212.0,10.0,24.0,0.0,10.0,0.0,0.0,0.0,213.0,75.0,0.0,0.0
Hawaii,2023,3,1095,1025,0.0,227.0,11.0,14.0,0.0,10.0,0.0,0.0,10.0,259.0,83.0,0.0,0.0
Hawaii,2023,4,1198,1112,0.0,245.0,0.0,40.0,12.0,0.0,0.0,11.0,11.0,251.0,87.0,0.0,0.0
Hawaii,2023,5,917,841,0.0,178.0,10.0,51.0,0.0,10.0,0.0,0.0,11.0,197.0,66.0,0.0,0.0
Hawaii,2023,6,955,895,0.0,200.0,0.0,36.0,0.0,0.0,0.0,0.0,44.0,193.0,65.0,0.0,0.0
Hawaii,2023,7,1135,1073,0.0,229.0,0.0,50.0,0.0,0.0,0.0,0.0,65.0,250.0,79.0,0.0,0.0
Hawaii,2023,8,979,885,0.0,174.0,21.0,15.0,0.0,0.0,0.0,0.0,101.0,180.0,81.0,11.0,0.0
Hawaii,2023,9,578,566,0.0,106.0,0.0,0.0,0.0,0.0,0.0,0.0,104.0,99.0,35.0,0.0,0.0
Idaho,2023,1,1317,1194,0.0,248.0,21.0,54.0,21.0,80.0,0.0,0.0,0.0,267.0,61.0,32.0,0.0
Idaho,2023,2,1243,1127,0.0,247.0,33.0,49.0,0.0,70.0,0.0,0.0,0.0,273.0,44.0,0.0,0.0
Idaho,2023,3,1295,1166,0.0,241.0,32.0,61.0,0.0,70.0,0.0,0.0,0.0,272.0,69.0,35.0,22.0
Idaho,2023,4,1581,1403,0.0,314.0,0.0,65.0,0.0,91.0,0.0,0.0,0.0,329.0,87.0,0.0,0.0
Idaho,2023,5,1266,1141,0.0,277.0,22.0,76.0,0.0,69.0,0.0,0.0,0.0,241.0,68.0,0.0,0.0
Idaho,2023,6,1236,1104,0.0,250.0,23.0,39.0,0.0,62.0,0.0,0.0,0.0,254.0,46.0,0.0,0.0
Idaho,2023,7,1508,1349,0.0,324.0,21.0,60.0,0.0,68.0,0.0,0.0,12.0,293.0,73.0,0.0,0.0
Idaho,2023,8,1251,1126,0.0,271.0,21.0,58.0,0.0,65.0,0.0,0.0,59.0,224.0,56.0,0.0,0.0
Idaho,2023,9,734,706,0.0,151.0,0.0,39.0,0.0,54.0,0.0,0.0,42.0,152.0,28.0,0.0,0.0
Illinois,2023,1,9232,8451,156.0,1699.0,266.0,372.0,212.0,431.0,127.0,220.0,120.0,2019.0,559.0,405.0,268.0
Illinois,2023,2,8772,8028,166.0,1829.0,210.0,315.0,151.0,377.0,119.0,211.0,107.0,1952.0,535.0,236.0,162.0
Illinois,2023,3,8520,7780,150.0,1717.0,237.0,267.0,142.0,366.0,123.0,203.0,120.0,1965.0,528.0,250.0,178.0
Illinois,2023,4,10573,9615,174.0,2227.0,229.0,371.0,162.0,499.0,148.0,270.0,167.0,2365.0,616.0,240.0,150.0
Illinois,2023,5,8229,7502,126.0,1735.0,220.0,243.0,121.0,344.0,147.0,224.0,148.0,1874.0,497.0,88.0,59.0
Illinois,2023,6,8069,7349,134.0,1751.0,212.0,261.0,104.0,357.0,101.0,210.0,206.0,1763.0,457.0,45.0,25.0
Illinois,2023,7,9798,9119,157.0,2119.0,264.0,346.0,131.0,374.0,139.0,215.0,472.0,2202.0,569.0,69.0,20.0
Illinois,2023,8,7042,6674,108.0,1577.0,160.0,250.0,103.0,304.0,111.0,167.0,541.0,1502.0,430.0,52.0,33.0
Illinois,2023,9,5531,5434,87.0,1221.0,124.0,177.0,78.0,232.0,56.0,125.0,574.0,1215.0,337.0,75.0,48.0
Indiana,2023,1,5805,5310,73.0,1071.0,179.0,181.0,108.0,380.0,93.0,110.0,0.0,1243.0,299.0,258.0,177.0
Indiana,2023,2,5524,5019,65.0,1023.0,169.0,175.0,65.0,344.0,101.0,115.0,11.0,1216.0,266.0,169.0,92.0
Indiana,2023,3,5496,5053,77.0,1055.0,194.0,176.0,70.0,354.0,103.0,112.0,10.0,1198.0,265.0,162.0,104.0
Indiana,2023,4,6709,6098,99.0,1289.0,226.0,216.0,62.0,471.0,130.0,143.0,10.0,1491.0,341.0,134.0,89.0
Indiana,2023,5,5248,4767,71.0,1052.0,177.0,148.0,73.0,354.0,95.0,114.0,11.0,1176.0,266.0,61.0,13.0
Indiana,2023,6,5192,4731,74.0,1082.0,163.0,129.0,66.0,320.0,83.0,117.0,0.0,1169.0,242.0,62.0,22.0
Indiana,2023,7,6127,5593,71.0,1362.0,189.0,221.0,51.0,368.0,114.0,135.0,36.0,1303.0,303.0,43.0,0.0
Indiana,2023,8,4766,4482,54.0,1095.0,201.0,157.0,61.0,305.0,87.0,107.0,59.0,997.0,250.0,52.0,27.0
Indiana,2023,9,2740,2712,24.0,630.0,96.0,121.0,24.0,205.0,63.0,65.0,30.0,606.0,139.0,73.0,54.0
Iowa,2023,1,2764,2576,0.0,530.0,80.0,102.0,67.0,136.0,50.0,31.0,15.0,654.0,126.0,106.0,59.0
Iowa,2023,2,2600,2413,0.0,494.0,82.0,130.0,33.0,129.0,24.0,18.0,11.0,662.0,110.0,90.0,52.0
Iowa,2023,3,2513,2314,11.0,495.0,64.0,112.0,24.0,130.0,23.0,15.0,22.0,586.0,97.0,91.0,54.0
Iowa,2023,4,3120,2886,24.0,610.0,78.0,156.0,22.0,181.0,20.0,36.0,0.0,757.0,139.0,86.0,39.0
Iowa,2023,5,2386,2204,21.0,490.0,64.0,87.0,0.0,122.0,48.0,42.0,11.0,567.0,86.0,14.0,0.0
Iowa,2023,6,2341,2143,0.0,481.0,73.0,87.0,0.0,130.0,25.0,33.0,10.0,561.0,99.0,0.0,0.0
Iowa,2023,7,2813,2598,11.0,598.0,89.0,106.0,0.0,144.0,23.0,24.0,23.0,658.0,121.0,0.0,0.0
Iowa,2023,8,2183,2034,0.0,472.0,70.0,111.0,0.0,115.0,10.0,0.0,0.0,516.0,104.0,0.0,0.0
Iowa,2023,9,1366,1334,0.0,284.0,56.0,72.0,0.0,67.0,0.0,0.0,0.0,350.0,62.0,0.0,0.0
Kansas,2023,1,2453,2227,23.0,428.0,80.0,77.0,62.0,149.0,26.0,21.0,0.0,516.0,99.0,123.0,89.0
Kansas,2023,2,2310,2135,0.0,420.0,83.0,78.0,0.0,130.0,10.0,26.0,0.0,504.0,100.0,63.0,13.0
Kansas,2023,3,2323,2126,0.0,443.0,65.0,67.0,14.0,135.0,12.0,13.0,0.0,478.0,103.0,91.0,69.0
Kansas,2023,4,2886,2640,0.0,498.0,98.0,88.0,11.0,181.0,37.0,30.0,31.0,631.0,133.0,29.0,10.0
Kansas,2023,5,2026,1840,0.0,409.0,60.0,49.0,10.0,101.0,13.0,35.0,22.0,464.0,101.0,14.0,0.0
Kansas,2023,6,2070,1884,0.0,391.0,74.0,58.0,11.0,104.0,10.0,43.0,43.0,452.0,76.0,0.0,0.0
Kansas,2023,7,2419,2219,0.0,509.0,77.0,55.0,0.0,104.0,12.0,35.0,104.0,492.0,102.0,0.0,0.0
Kansas,2023,8,2008,1894,10.0,404.0,62.0,48.0,0.0,101.0,24.0,25.0,137.0,380.0,102.0,0.0,0.0
Kansas,2023,9,1359,1325,10.0,274.0,30.0,43.0,0.0,73.0,0.0,0.0,123.0,267.0,53.0,0.0,0.0
Kentucky,2023,1,4546,4141,103.0,826.0,151.0,102.0,87.0,305.0,76.0,111.0,43.0,917.0,178.0,292.0,179.0
Kentucky,2023,2,4354,3955,91.0,900.0,141.0,123.0,45.0,292.0,74.0,84.0,53.0,895.0,172.0,242.0,136.0
Kentucky,2023,3,4189,3774,78.0,805.0,124.0,119.0,64.0,293.0,59.0,109.0,63.0,837.0,180.0,182.0,107.0
Kentucky,2023,4,5028,4498,86.0,1030.0,173.0,124.0,61.0,318.0,85.0,114.0,60.0,1046.0,219.0,153.0,81.0
Kentucky,2023,5,3823,3419,74.0,762.0,114.0,108.0,54.0,244.0,65.0,106.0,57.0,789.0,163.0,89.0,13.0
Kentucky,2023,6,3856,3466,81.0,839.0,92.0,111.0,49.0,239.0,72.0,106.0,21.0,827.0,178.0,73.0,12.0
Kentucky,2023,7,4660,4161,96.0,1035.0,141.0,118.0,39.0,282.0,97.0,115.0,64.0,945.0,175.0,36.0,0.0
Kentucky,2023,8,3425,3137,68.0,760.0,94.0,108.0,25.0,207.0,66.0,84.0,39.0,706.0,132.0,61.0,0.0
Kentucky,2023,9,1790,1763,51.0,439.0,55.0,66.0,11.0,117.0,18.0,27.0,0.0,378.0,90.0,54.0,26.0
Louisiana,2023,1,4116,3709,103.0,700.0,146.0,151.0,60.0,203.0,96.0,91.0,59.0,978.0,209.0,161.0,106.0
Louisiana,2023,2,4085,3635,74.0,745.0,117.0,154.0,42.0,181.0,91.0,80.0,66.0,1001.0,205.0,121.0,78.0
Louisiana,2023,3,3834,3381,77.0,712.0,132.0,143.0,26.0,168.0,83.0,83.0,37.0,947.0,177.0,93.0,62.0
Louisiana,2023,4,4581,4009,99.0,869.0,147.0,170.0,51.0,215.0,101.0,92.0,56.0,1089.0,228.0,60.0,12.0
Louisiana,2023,5,3654,3206,78.0,725.0,129.0,133.0,11.0,182.0,77.0,92.0,27.0,848.0,167.0,13.0,0.0
Louisiana,2023,6,3491,3072,54.0,668.0,126.0,148.0,18.0,155.0,73.0,81.0,14.0,845.0,166.0,0.0,0.0
Louisiana,2023,7,4192,3771,78.0,832.0,149.0,156.0,11.0,166.0,81.0,98.0,48.0,1072.0,250.0,12.0,0.0
Louisiana,2023,8,3020,2884,68.0,663.0,99.0,155.0,0.0,159.0,73.0,48.0,10.0,735.0,168.0,54.0,32.0
Louisiana,2023,9,1570,1554,23.0,371.0,42.0,102.0,0.0,75.0,42.0,38.0,14.0,405.0,84.0,12.0,0.0
Maine,2023,1,1425,1297,0.0,285.0,26.0,33.0,38.0,66.0,0.0,0.0,0.0,284.0,56.0,58.0,32.0
Maine,2023,2,1338,1211,0.0,248.0,52.0,34.0,0.0,75.0,11.0,0.0,0.0,304.0,62.0,52.0,21.0
Maine,2023,3,1297,1186,0.0,251.0,27.0,29.0,0.0,76.0,0.0,0.0,0.0,274.0,54.0,61.0,35.0
Maine,2023,4,1551,1411,0.0,322.0,54.0,70.0,0.0,93.0,10.0,0.0,0.0,321.0,37.0,10.0,0.0
Maine,2023,5,1227,1124,0.0,249.0,21.0,50.0,0.0,66.0,11.0,0.0,0.0,276.0,51.0,0.0,0.0
Maine,2023,6,1185,1064,0.0,265.0,39.0,0.0,0.0,60.0,0.0,0.0,0.0,232.0,35.0,0.0,0.0
Maine,2023,7,1509,1351,0.0,323.0,22.0,32.0,0.0,99.0,0.0,0.0,0.0,320.0,25.0,0.0,0.0
Maine,2023,8,1233,1144,0.0,254.0,45.0,13.0,0.0,47.0,0.0,0.0,60.0,257.0,47.0,0.0,0.0
Maine,2023,9,806,781,0.0,212.0,25.0,0.0,0.0,46.0,0.0,0.0,71.0,143.0,10.0,12.0,0.0
Maryland,2023,1,4428,4005,72.0,838.0,149.0,105.0,80.0,153.0,51.0,63.0,10.0,981.0,247.0,277.0,172.0
Maryland,2023,2,4320,3886,74.0,856.0,150.0,110.0,62.0,155.0,50.0,57.0,0.0,910.0,259.0,212.0,136.0
Maryland,2023,3,4125,3678,79.0,805.0,145.0,88.0,10.0,168.0,64.0,65.0,0.0,924.0,229.0,149.0,71.0
Maryland,2023,4,4778,4259,83.0,953.0,182.0,92.0,42.0,204.0,33.0,55.0,0.0,1079.0,272.0,103.0,39.0
Maryland,2023,5,3877,3431,72.0,892.0,132.0,89.0,37.0,142.0,37.0,63.0,12.0,783.0,219.0,34.0,0.0
Maryland,2023,6,3661,3236,74.0,776.0,101.0,79.0,23.0,121.0,50.0,36.0,25.0,825.0,247.0,33.0,0.0
Maryland,2023,7,4557,4051,82.0,947.0,149.0,91.0,33.0,155.0,36.0,24.0,61.0,1009.0,300.0,21.0,10.0
Maryland,2023,8,3855,3530,70.0,901.0,145.0,90.0,12.0,126.0,26.0,45.0,117.0,784.0,239.0,59.0,29.0
Maryland,2023,9,2497,2411,56.0,579.0,73.0,68.0,32.0,84.0,13.0,33.0,160.0,522.0,153.0,55.0,41.0
Massachusetts,2023,1,5372,4944,95.0,990.0,108.0,160.0,132.0,230.0,104.0,125.0,77.0,992.0,194.0,385.0,275.0
Massachusetts,2023,2,5011,4589,73.0,1024.0,122.0,147.0,80.0,184.0,90.0,98.0,75.0,986.0,192.0,239.0,155.0
Massachusetts,2023,3,4828,4434,88.0,981.0,113.0,142.0,78.0,224.0,79.0,113.0,67.0,916.0,189.0,139.0,93.0
Massachusetts,2023,4,5741,5273,103.0,1131.0,172.0,165.0,89.0,249.0,121.0,128.0,77.0,1167.0,203.0,92.0,48.0
Massachusetts,2023,5,4472,4042,78.0,965.0,119.0,107.0,67.0,181.0,94.0,94.0,90.0,809.0,182.0,51.0,21.0
Massachusetts,2023,6,4462,4082,65.0,993.0,104.0,114.0,65.0,171.0,76.0,89.0,128.0,882.0,190.0,32.0,0.0
Massachusetts,2023,7,5473,5178,83.0,1289.0,111.0,111.0,28.0,204.0,99.0,118.0,442.0,981.0,229.0,0.0,0.0
Massachusetts,2023,8,4447,4302,82.0,980.0,82.0,112.0,54.0,203.0,74.0,88.0,521.0,751.0,194.0,64.0,45.0
Massachusetts,2023,9,3077,3027,54.0,672.0,63.0,75.0,16.0,110.0,47.0,68.0,375.0,564.0,116.0,85.0,66.0
Michigan,2023,1,8511,7837,105.0,1620.0,253.0,364.0,220.0,448.0,124.0,154.0,84.0,2107.0,446.0,406.0,259.0
Michigan,2023,2,8138,7505,94.0,1560.0,286.0,313.0,118.0,415.0,119.0,152.0,70.0,2103.0,463.0,287.0,169.0
Michigan,2023,3,8045,7422,89.0,1597.0,250.0,332.0,112.0,406.0,114.0,146.0,106.0,2038.0,444.0,288.0,168.0
Michigan,2023,4,9771,8921,108.0,1940.0,286.0,377.0,127.0,484.0,134.0,206.0,119.0,2501.0,541.0,262.0,165.0
Michigan,2023,5,7757,7142,77.0,1659.0,250.0,307.0,104.0,384.0,92.0,134.0,121.0,1981.0,424.0,146.0,81.0
Michigan,2023,6,7399,6755,84.0,1520.0,233.0,283.0,85.0,390.0,101.0,131.0,144.0,1854.0,409.0,72.0,23.0
Michigan,2023,7,9066,8360,104.0,1999.0,266.0,339.0,83.0,408.0,120.0,166.0,277.0,2239.0,534.0,58.0,10.0
Michigan,2023,8,7346,6879,90.0,1597.0,204.0,292.0,62.0,349.0,96.0,141.0,363.0,1756.0,437.0,83.0,38.0
Michigan,2023,9,4859,4712,68.0,1053.0,162.0,200.0,44.0,226.0,73.0,109.0,261.0,1216.0,274.0,76.0,51.0
Minnesota,2023,1,4054,3694,24.0,788.0,115.0,195.0,57.0,185.0,60.0,33.0,118.0,753.0,190.0,216.0,116.0
Minnesota,2023,2,3782,3424,21.0,790.0,119.0,182.0,33.0,159.0,50.0,21.0,93.0,702.0,155.0,161.0,94.0
Minnesota,2023,3,3914,3564,33.0,865.0,109.0,171.0,13.0,169.0,73.0,21.0,87.0,696.0,184.0,172.0,102.0
Minnesota,2023,4,4684,4232,40.0,988.0,147.0,222.0,33.0,219.0,64.0,36.0,125.0,837.0,237.0,143.0,89.0
Minnesota,2023,5,3523,3174,10.0,748.0,112.0,163.0,0.0,143.0,41.0,23.0,74.0,640.0,159.0,65.0,51.0
Minnesota,2023,6,3605,3184,15.0,767.0,100.0,149.0,10.0,152.0,49.0,33.0,93.0,643.0,177.0,35.0,0.0
Minnesota,2023,7,4279,3866,39.0,993.0,132.0,211.0,0.0,198.0,75.0,22.0,100.0,759.0,222.0,11.0,0.0
Minnesota,2023,8,3352,3100,34.0,782.0,100.0,163.0,0.0,146.0,24.0,12.0,89.0,643.0,161.0,13.0,0.0
Minnesota,2023,9,2196,2150,0.0,536.0,76.0,113.0,0.0,86.0,32.0,10.0,60.0,434.0,110.0,41.0,13.0
Mississippi,2023,1,2849,2605,0.0,509.0,77.0,146.0,65.0,196.0,51.0,59.0,0.0,668.0,148.0,169.0,117.0
Mississippi,2023,2,2755,2507,0.0,489.0,124.0,152.0,56.0,152.0,23.0,60.0,0.0,608.0,150.0,117.0,75.0
Mississippi,2023,3,2584,2317,12.0,455.0,92.0,130.0,46.0,144.0,37.0,53.0,10.0,648.0,126.0,81.0,35.0
Mississippi,2023,4,3006,2729,0.0,567.0,102.0,140.0,48.0,183.0,32.0,59.0,10.0,738.0,148.0,82.0,10.0
Mississippi,2023,5,2564,2322,0.0,496.0,94.0,150.0,45.0,150.0,13.0,32.0,20.0,619.0,133.0,29.0,0.0
Mississippi,2023,6,2462,2245,10.0,481.0,82.0,118.0,35.0,149.0,0.0,36.0,20.0,618.0,128.0,43.0,10.0
Mississippi,2023,7,3009,2748,0.0,569.0,89.0,151.0,27.0,192.0,45.0,50.0,41.0,727.0,164.0,21.0,0.0
Mississippi,2023,8,2490,2291,0.0,484.0,82.0,141.0,10.0,132.0,21.0,24.0,76.0,630.0,136.0,32.0,13.0
Mississippi,2023,9,1543,1503,0.0,325.0,49.0,86.0,20.0,103.0,12.0,22.0,55.0,408.0,84.0,58.0,22.0
Missouri,2023,1,5684,5207,99.0,1018.0,144.0,190.0,123.0,317.0,104.0,117.0,27.0,1335.0,293.0,226.0,178.0
Missouri,2023,2,5458,4925,83.0,1053.0,146.0,197.0,83.0,271.0,87.0,148.0,0.0,1255.0,264.0,174.0,128.0
Missouri,2023,3,5577,5000,89.0,1066.0,162.0,181.0,71.0,350.0,112.0,164.0,22.0,1224.0,272.0,153.0,113.0
Missouri,2023,4,6577,5920,99.0,1274.0,173.0,217.0,114.0,405.0,109.0,166.0,12.0,1432.0,322.0,136.0,104.0
Missouri,2023,5,5124,4581,75.0,1056.0,124.0,177.0,73.0,289.0,85.0,136.0,22.0,1171.0,213.0,71.0,45.0
Missouri,2023,6,4983,4518,87.0,1035.0,138.0,187.0,87.0,275.0,80.0,139.0,11.0,1151.0,269.0,12.0,0.0
Missouri,2023,7,5952,5382,98.0,1247.0,150.0,242.0,61.0,325.0,98.0,136.0,0.0,1387.0,303.0,22.0,0.0
Missouri,2023,8,4471,4226,64.0,1054.0,136.0,179.0,56.0,258.0,68.0,143.0,0.0,991.0,235.0,21.0,18.0
Missouri,2023,9,2842,2779,44.0,678.0,81.0,112.0,54.0,160.0,56.0,104.0,0.0,639.0,153.0,48.0,41.0
Montana,2023,1,915,831,0.0,164.0,11.0,0.0,0.0,76.0,0.0,0.0,0.0,188.0,10.0,25.0,12.0
Montana,2023,2,861,786,0.0,178.0,0.0,10.0,0.0,50.0,0.0,0.0,0.0,191.0,0.0,0.0,0.0
Montana,2023,3,924,844,0.0,173.0,0.0,21.0,0.0,72.0,0.0,0.0,0.0,196.0,10.0,11.0,0.0
Montana,2023,4,1092,1002,0.0,215.0,10.0,0.0,0.0,72.0,0.0,0.0,0.0,265.0,0.0,0.0,0.0
Montana,2023,5,810,726,0.0,162.0,0.0,0.0,0.0,36.0,0.0,0.0,0.0,178.0,0.0,0.0,0.0
Montana,2023,6,836,742,0.0,149.0,14.0,0.0,0.0,40.0,0.0,0.0,0.0,203.0,11.0,0.0,0.0
Montana,2023,7,1047,931,0.0,210.0,0.0,0.0,0.0,46.0,0.0,0.0,0.0,239.0,12.0,0.0,0.0
Montana,2023,8,766,700,0.0,147.0,0.0,0.0,0.0,33.0,0.0,0.0,0.0,171.0,23.0,0.0,0.0
Montana,2023,9,456,436,0.0,94.0,0.0,0.0,0.0,14.0,0.0,0.0,0.0,116.0,10.0,0.0,0.0
Nebraska,2023,1,1516,1435,0.0,288.0,58.0,57.0,0.0,90.0,0.0,0.0,0.0,289.0,80.0,74.0,31.0
Nebraska,2023,2,1470,1374,0.0,283.0,28.0,53.0,0.0,82.0,0.0,0.0,0.0,300.0,70.0,51.0,10.0
Nebraska,2023,3,1462,1359,11.0,281.0,30.0,61.0,0.0,87.0,0.0,0.0,0.0,344.0,51.0,39.0,17.0
Nebraska,2023,4,1873,1736,0.0,348.0,61.0,61.0,12.0,119.0,0.0,0.0,0.0,409.0,72.0,63.0,20.0
Nebraska,2023,5,1350,1249,0.0,306.0,26.0,44.0,0.0,81.0,0.0,0.0,0.0,261.0,58.0,0.0,0.0
Nebraska,2023,6,1347,1261,0.0,300.0,34.0,49.0,0.0,78.0,0.0,0.0,0.0,277.0,72.0,10.0,0.0
Nebraska,2023,7,1634,1544,0.0,364.0,13.0,50.0,0.0,111.0,0.0,0.0,32.0,330.0,59.0,0.0,0.0
Nebraska,2023,8,1292,1226,0.0,280.0,24.0,60.0,0.0,62.0,10.0,0.0,27.0,273.0,58.0,0.0,0.0
Nebraska,2023,9,792,790,0.0,159.0,34.0,37.0,0.0,53.0,0.0,0.0,10.0,191.0,46.0,0.0,0.0
Nevada,2023,1,2504,2251,13.0,408.0,85.0,53.0,72.0,139.0,0.0,12.0,0.0,599.0,128.0,89.0,70.0
Nevada,2023,2,2381,2117,0.0,456.0,80.0,67.0,44.0,122.0,0.0,0.0,0.0,617.0,104.0,36.0,0.0
Nevada,2023,3,2361,2079,0.0,400.0,94.0,67.0,34.0,124.0,10.0,0.0,0.0,561.0,123.0,54.0,35.0
Nevada,2023,4,2986,2606,0.0,552.0,99.0,92.0,48.0,175.0,0.0,0.0,10.0,729.0,128.0,37.0,21.0
Nevada,2023,5,2243,1972,0.0,395.0,83.0,70.0,38.0,129.0,0.0,0.0,11.0,523.0,104.0,24.0,0.0
Nevada,2023,6,2110,1849,0.0,407.0,66.0,49.0,0.0,117.0,0.0,0.0,23.0,515.0,100.0,10.0,0.0
Nevada,2023,7,2755,2408,0.0,509.0,76.0,67.0,13.0,115.0,0.0,0.0,233.0,614.0,135.0,0.0,0.0
Nevada,2023,8,2096,1917,0.0,411.0,65.0,47.0,0.0,110.0,0.0,0.0,240.0,407.0,94.0,10.0,0.0
Nevada,2023,9,794,763,0.0,170.0,0.0,23.0,0.0,37.0,0.0,10.0,71.0,159.0,38.0,22.0,0.0
New Hampshire,2023,1,1231,1120,0.0,228.0,21.0,26.0,0.0,72.0,0.0,0.0,0.0,261.0,41.0,81.0,55.0
New Hampshire,2023,2,1089,1007,0.0,232.0,0.0,27.0,0.0,57.0,0.0,0.0,0.0,229.0,24.0,43.0,31.0
New Hampshire,2023,3,1084,972,0.0,195.0,13.0,12.0,0.0,57.0,0.0,0.0,0.0,244.0,60.0,10.0,0.0
New Hampshire,2023,4,1299,1187,0.0,266.0,20.0,26.0,0.0,74.0,0.0,0.0,0.0,268.0,43.0,0.0,0.0
New Hampshire,2023,5,1006,923,0.0,225.0,10.0,0.0,0.0,55.0,0.0,0.0,0.0,206.0,28.0,0.0,0.0
New Hampshire,2023,6,1008,907,0.0,230.0,0.0,21.0,0.0,54.0,0.0,0.0,0.0,220.0,23.0,0.0,0.0
New Hampshire,2023,7,1270,1157,0.0,278.0,11.0,45.0,0.0,59.0,0.0,0.0,15.0,288.0,38.0,0.0,0.0
New Hampshire,2023,8,1029,943,0.0,213.0,10.0,23.0,0.0,46.0,0.0,0.0,26.0,225.0,37.0,0.0,0.0
New Hampshire,2023,9,708,681,0.0,151.0,0.0,25.0,0.0,30.0,0.0,0.0,44.0,153.0,41.0,0.0,0.0
New Jersey,2023,1,6355,5960,168.0,1165.0,146.0,205.0,115.0,229.0,198.0,149.0,168.0,1416.0,286.0,416.0,289.0
New Jersey,2023,2,6039,5643,150.0,1166.0,141.0,180.0,75.0,191.0,143.0,142.0,175.0,1449.0,289.0,296.0,199.0
New Jersey,2023,3,5934,5582,166.0,1189.0,144.0,148.0,82.0,226.0,128.0,128.0,177.0,1473.0,244.0,186.0,120.0
New Jersey,2023,4,7055,6646,187.0,1442.0,184.0,231.0,106.0,253.0,162.0,168.0,292.0,1659.0,315.0,110.0,72.0
New Jersey,2023,5,5495,5133,154.0,1138.0,121.0,162.0,82.0,198.0,145.0,124.0,259.0,1247.0,283.0,63.0,10.0
New Jersey,2023,6,5386,5043,142.0,1106.0,143.0,147.0,66.0,191.0,137.0,153.0,290.0,1255.0,236.0,16.0,12.0
New Jersey,2023,7,6558,6227,177.0,1413.0,140.0,170.0,83.0,232.0,162.0,138.0,453.0,1506.0,309.0,64.0,41.0
New Jersey,2023,8,5403,5163,131.0,1165.0,140.0,162.0,64.0,160.0,138.0,135.0,383.0,1202.0,244.0,67.0,50.0
New Jersey,2023,9,3692,3600,94.0,816.0,103.0,116.0,41.0,120.0,100.0,91.0,237.0,833.0,151.0,76.0,57.0
New Mexico,2023,1,1774,1569,0.0,311.0,69.0,55.0,28.0,81.0,0.0,0.0,0.0,361.0,61.0,91.0,59.0
New Mexico,2023,2,1689,1470,0.0,274.0,71.0,34.0,22.0,70.0,21.0,0.0,0.0,365.0,83.0,37.0,11.0
New Mexico,2023,3,1632,1453,0.0,253.0,55.0,40.0,0.0,92.0,11.0,0.0,10.0,372.0,83.0,38.0,27.0
New Mexico,2023,4,2154,1881,0.0,378.0,94.0,69.0,0.0,93.0,35.0,0.0,0.0,443.0,91.0,66.0,35.0
New Mexico,2023,5,1568,1339,0.0,260.0,38.0,45.0,0.0,77.0,21.0,0.0,0.0,338.0,85.0,23.0,0.0
New Mexico,2023,6,1528,1307,0.0,271.0,40.0,35.0,0.0,69.0,24.0,0.0,25.0,309.0,69.0,11.0,0.0
New Mexico,2023,7,1882,1668,0.0,323.0,54.0,34.0,0.0,89.0,0.0,0.0,154.0,377.0,76.0,0.0,0.0
New Mexico,2023,8,1383,1292,0.0,271.0,25.0,50.0,0.0,71.0,11.0,0.0,141.0,238.0,77.0,0.0,0.0
New Mexico,2023,9,757,735,0.0,154.0,0.0,22.0,0.0,50.0,0.0,0.0,80.0,147.0,44.0,0.0,0.0
New York,2023,1,9253,8585,158.0,1710.0,250.0,185.0,313.0,391.0,235.0,150.0,174.0,2099.0,379.0,575.0,376.0
New York,2023,2,8545,7923,109.0,1564.0,235.0,165.0,214.0,384.0,216.0,161.0,166.0,2048.0,349.0,436.0,278.0
New York,2023,3,8260,7669,117.0,1632.0,206.0,186.0,179.0,376.0,209.0,132.0,173.0,1971.0,334.0,333.0,198.0
New York,2023,4,9884,9155,143.0,1975.0,251.0,205.0,207.0,438.0,230.0,171.0,268.0,2417.0,382.0,247.0,160.0
New York,2023,5,7742,7160,107.0,1496.0,198.0,142.0,167.0,363.0,168.0,137.0,231.0,1844.0,328.0,119.0,63.0
New York,2023,6,7634,7053,96.0,1578.0,195.0,152.0,159.0,329.0,181.0,134.0,239.0,1878.0,305.0,105.0,59.0
New York,2023,7,9238,8659,104.0,2025.0,263.0,173.0,203.0,391.0,208.0,126.0,453.0,2192.0,348.0,86.0,14.0
New York,2023,8,7675,7275,98.0,1655.0,187.0,149.0,154.0,315.0,188.0,130.0,512.0,1710.0,291.0,115.0,84.0
New York,2023,9,5258,5086,71.0,1120.0,156.0,112.0,102.0,231.0,137.0,89.0,347.0,1182.0,182.0,132.0,99.0
New York City,2023,1,4789,4391,90.0,862.0,153.0,90.0,158.0,137.0,54.0,42.0,79.0,1340.0,160.0,386.0,262.0
New York City,2023,2,4498,4101,73.0,879.0,157.0,80.0,120.0,125.0,42.0,65.0,103.0,1275.0,149.0,194.0,129.0
New York City,2023,3,4267,3921,90.0,872.0,126.0,67.0,136.0,119.0,45.0,66.0,126.0,1204.0,171.0,92.0,39.0
New York City,2023,4,5121,4780,76.0,1023.0,159.0,75.0,131.0,147.0,78.0,69.0,302.0,1441.0,212.0,79.0,31.0
New York City,2023,5,4153,3931,70.0,883.0,111.0,59.0,105.0,111.0,61.0,37.0,296.0,1186.0,160.0,14.0,0.0
New York City,2023,6,3894,3676,74.0,801.0,93.0,51.0,96.0,111.0,40.0,66.0,355.0,1051.0,162.0,10.0,0.0
New York City,2023,7,4911,4690,120.0,1045.0,135.0,59.0,115.0,115.0,66.0,53.0,525.0,1320.0,195.0,24.0,0.0
New York City,2023,8,3960,3801,72.0,889.0,94.0,58.0,99.0,105.0,54.0,24.0,437.0,997.0,163.0,35.0,23.0
New York City,2023,9,2882,2785,48.0,613.0,73.0,45.0,68.0,81.0,11.0,46.0,321.0,788.0,106.0,64.0,45.0
North Carolina,2023,1,9162,8405,112.0,1650.0,304.0,363.0,158.0,446.0,173.0,163.0,193.0,1804.0,494.0,630.0,410.0
North Carolina,2023,2,8546,7832,109.0,1588.0,275.0,314.0,128.0,461.0,139.0,190.0,254.0,1652.0,505.0,362.0,225.0
North Carolina,2023,3,8453,7785,98.0,1653.0,277.0,302.0,107.0,453.0,150.0,163.0,347.0,1646.0,468.0,245.0,143.0
North Carolina,2023,4,10112,9309,125.0,2011.0,318.0,352.0,124.0,501.0,186.0,192.0,452.0,2024.0,609.0,182.0,104.0
North Carolina,2023,5,7857,7252,108.0,1451.0,248.0,320.0,118.0,378.0,129.0,155.0,498.0,1517.0,442.0,106.0,55.0
North Carolina,2023,6,8023,7458,102.0,1726.0,219.0,310.0,81.0,378.0,134.0,134.0,470.0,1510.0,438.0,77.0,26.0
North Carolina,2023,7,9527,8794,121.0,1969.0,319.0,320.0,126.0,468.0,143.0,185.0,578.0,1818.0,526.0,110.0,51.0
North Carolina,2023,8,7818,7249,83.0,1583.0,244.0,306.0,95.0,356.0,139.0,164.0,427.0,1482.0,468.0,127.0,74.0
North Carolina,2023,9,4902,4761,58.0,1089.0,134.0,224.0,62.0,241.0,93.0,105.0,250.0,994.0,299.0,120.0,87.0
North Dakota,2023,1,647,593,0.0,116.0,0.0,26.0,0.0,21.0,0.0,0.0,0.0,142.0,0.0,0.0,0.0
North Dakota,2023,2,552,518,0.0,103.0,0.0,26.0,0.0,10.0,0.0,0.0,0.0,121.0,0.0,0.0,0.0
North Dakota,2023,3,575,533,0.0,110.0,0.0,13.0,0.0,0.0,0.0,0.0,0.0,131.0,0.0,0.0,0.0
North Dakota,2023,4,724,656,0.0,124.0,0.0,0.0,0.0,0.0,0.0,0.0,0.0,157.0,0.0,0.0,0.0
North Dakota,2023,5,589,535,0.0,122.0,0.0,0.0,0.0,0.0,0.0,0.0,0.0,144.0,0.0,0.0,0.0
North Dakota,2023,6,497,457,0.0,91.0,0.0,0.0,0.0,0.0,0.0,0.0,0.0,111.0,10.0,0.0,0.0
North Dakota,2023,7,711,640,0.0,160.0,0.0,0.0,0.0,0.0,0.0,0.0,0.0,143.0,0.0,0.0,0.0
North Dakota,2023,8,535,499,0.0,123.0,0.0,11.0,0.0,0.0,0.0,0.0,0.0,120.0,0.0,0.0,0.0
North Dakota,2023,9,333,323,0.0,68.0,0.0,0.0,0.0,0.0,0.0,0.0,0.0,74.0,10.0,0.0,0.0
Ohio,2023,1,10777,9829,161.0,1918.0,342.0,435.0,245.0,524.0,206.0,208.0,158.0,2366.0,572.0,582.0,397.0
Ohio,2023,2,10131,9147,155.0,1866.0,361.0,381.0,142.0,515.0,170.0,187.0,125.0,2262.0,574.0,345.0,221.0
Ohio,2023,3,10211,9272,178.0,1950.0,307.0,396.0,122.0,519.0,195.0,209.0,160.0,2251.0,576.0,342.0,217.0
Ohio,2023,4,12416,11174,186.0,2347.0,420.0,398.0,182.0,641.0,220.0,207.0,206.0,2775.0,686.0,340.0,198.0
Ohio,2023,5,9546,8619,141.0,1854.0,310.0,342.0,109.0,476.0,197.0,175.0,191.0,2061.0,518.0,148.0,87.0
Ohio,2023,6,9370,8498,134.0,1883.0,287.0,357.0,97.0,491.0,183.0,174.0,274.0,2032.0,558.0,109.0,70.0
Ohio,2023,7,11333,10435,160.0,2308.0,358.0,400.0,125.0,576.0,230.0,206.0,546.0,2433.0,648.0,78.0,17.0
Ohio,2023,8,8912,8444,145.0,1859.0,273.0,355.0,86.0,394.0,194.0,161.0,716.0,1805.0,492.0,80.0,58.0
Ohio,2023,9,4888,4784,60.0,1074.0,120.0,198.0,60.0,246.0,90.0,67.0,616.0,909.0,302.0,92.0,64.0
Oklahoma,2023,1,3715,3365,0.0,573.0,114.0,127.0,70.0,257.0,0.0,28.0,0.0,1057.0,139.0,252.0,159.0
Oklahoma,2023,2,3402,3084,0.0,616.0,101.0,120.0,39.0,252.0,0.0,23.0,73.0,915.0,133.0,164.0,88.0
Oklahoma,2023,3,3342,3057,16.0,577.0,103.0,107.0,47.0,206.0,24.0,21.0,150.0,897.0,150.0,135.0,79.0
Oklahoma,2023,4,4103,3737,10.0,756.0,124.0,136.0,39.0,318.0,24.0,27.0,171.0,1072.0,178.0,100.0,29.0
Oklahoma,2023,5,3153,2897,10.0,598.0,104.0,107.0,31.0,214.0,0.0,11.0,167.0,828.0,130.0,61.0,0.0
Oklahoma,2023,6,3094,2862,0.0,592.0,92.0,107.0,36.0,213.0,0.0,0.0,182.0,868.0,115.0,12.0,0.0
Oklahoma,2023,7,3833,3527,10.0,761.0,109.0,128.0,25.0,241.0,0.0,12.0,296.0,963.0,139.0,0.0,0.0
Oklahoma,2023,8,2986,2785,0.0,618.0,86.0,93.0,10.0,191.0,0.0,0.0,301.0,721.0,103.0,33.0,0.0
Oklahoma,2023,9,1764,1719,10.0,386.0,41.0,52.0,0.0,109.0,0.0,0.0,177.0,469.0,71.0,32.0,0.0
Oregon,2023,1,3538,3181,10.0,669.0,119.0,171.0,55.0,143.0,54.0,34.0,64.0,654.0,206.0,137.0,80.0
Oregon,2023,2,3447,3082,0.0,650.0,113.0,163.0,0.0,170.0,53.0,13.0,55.0,679.0,178.0,93.0,55.0
Oregon,2023,3,3403,3054,21.0,628.0,96.0,152.0,0.0,157.0,46.0,0.0,60.0,663.0,188.0,103.0,63.0
Oregon,2023,4,4095,3679,0.0,796.0,142.0,180.0,21.0,223.0,55.0,20.0,109.0,754.0,222.0,98.0,47.0
Oregon,2023,5,2977,2651,0.0,583.0,94.0,142.0,0.0,149.0,54.0,20.0,95.0,537.0,148.0,42.0,11.0
Oregon,2023,6,3088,2762,11.0,644.0,106.0,153.0,0.0,149.0,22.0,10.0,96.0,561.0,172.0,18.0,12.0
Oregon,2023,7,3891,3538,0.0,806.0,111.0,169.0,0.0,169.0,38.0,10.0,231.0,696.0,210.0,21.0,0.0
Oregon,2023,8,2960,2741,0.0,623.0,83.0,129.0,0.0,141.0,35.0,14.0,237.0,492.0,165.0,21.0,0.0
Oregon,2023,9,1563,1520,0.0,364.0,23.0,79.0,0.0,80.0,0.0,0.0,102.0,276.0,83.0,0.0,0.0
Pennsylvania,2023,1,11862,10838,196.0,2103.0,298.0,346.0,250.0,559.0,218.0,251.0,174.0,2646.0,585.0,697.0,471.0
Pennsylvania,2023,2,11163,10165,232.0,2137.0,303.0,325.0,158.0,504.0,209.0,237.0,177.0,2498.0,527.0,477.0,311.0
Pennsylvania,2023,3,11000,10062,216.0,2158.0,299.0,325.0,134.0,458.0,206.0,254.0,178.0,2538.0,527.0,394.0,233.0
Pennsylvania,2023,4,13183,11975,291.0,2572.0,354.0,388.0,168.0,588.0,268.0,301.0,239.0,2939.0,611.0,292.0,165.0
Pennsylvania,2023,5,10230,9287,186.0,2128.0,291.0,273.0,140.0,442.0,169.0,229.0,195.0,2332.0,544.0,124.0,80.0
Pennsylvania,2023,6,10125,9221,188.0,2198.0,273.0,259.0,124.0,438.0,169.0,212.0,241.0,2239.0,441.0,99.0,58.0
Pennsylvania,2023,7,12190,11201,252.0,2668.0,332.0,334.0,142.0,510.0,213.0,267.0,460.0,2645.0,548.0,86.0,41.0
Pennsylvania,2023,8,9587,8916,178.0,2103.0,242.0,264.0,124.0,363.0,167.0,209.0,491.0,2062.0,419.0,113.0,82.0
Pennsylvania,2023,9,6237,6119,117.0,1411.0,155.0,175.0,83.0,274.0,117.0,149.0,423.0,1370.0,269.0,138.0,97.0
Puerto Rico,2023,1,2884,2709,75.0,388.0,251.0,248.0,74.0,93.0,25.0,119.0,37.0,583.0,85.0,144.0,121.0
Puerto Rico,2023,2,2786,2619,72.0,392.0,244.0,246.0,66.0,93.0,48.0,77.0,52.0,494.0,102.0,106.0,93.0
Puerto Rico,2023,3,2655,2473,72.0,409.0,226.0,231.0,72.0,85.0,11.0,93.0,51.0,471.0,111.0,50.0,25.0
Puerto Rico,2023,4,3061,2868,53.0,490.0,295.0,244.0,88.0,87.0,29.0,119.0,64.0,591.0,117.0,22.0,10.0
Puerto Rico,2023,5,2521,2354,41.0,404.0,199.0,232.0,57.0,66.0,11.0,106.0,74.0,476.0,81.0,61.0,49.0
Puerto Rico,2023,6,2644,2482,23.0,420.0,229.0,251.0,77.0,79.0,21.0,97.0,73.0,456.0,79.0,106.0,93.0
Puerto Rico,2023,7,3217,3048,45.0,516.0,284.0,311.0,51.0,88.0,10.0,101.0,110.0,541.0,121.0,129.0,111.0
Puerto Rico,2023,8,2558,2444,44.0,434.0,207.0,230.0,67.0,73.0,34.0,86.0,92.0,443.0,96.0,72.0,59.0
Puerto Rico,2023,9,1566,1521,26.0,263.0,160.0,134.0,40.0,46.0,22.0,60.0,60.0,276.0,60.0,43.0,35.0
Rhode Island,2023,1,953,869,0.0,183.0,0.0,51.0,0.0,41.0,0.0,0.0,0.0,209.0,24.0,47.0,0.0
Rhode Island,2023,2,862,766,0.0,166.0,0.0,24.0,0.0,23.0,0.0,0.0,0.0,203.0,47.0,0.0,0.0
Rhode Island,2023,3,864,784,0.0,182.0,0.0,31.0,0.0,0.0,0.0,0.0,0.0,174.0,50.0,0.0,0.0
Rhode Island,2023,4,1083,984,0.0,206.0,11.0,63.0,0.0,21.0,0.0,0.0,0.0,239.0,37.0,0.0,0.0
Rhode Island,2023,5,785,710,0.0,181.0,0.0,11.0,0.0,0.0,0.0,0.0,12.0,174.0,0.0,0.0,0.0
Rhode Island,2023,6,789,745,0.0,175.0,10.0,26.0,0.0,0.0,0.0,0.0,40.0,172.0,10.0,0.0,0.0
Rhode Island,2023,7,949,892,0.0,201.0,0.0,12.0,0.0,39.0,0.0,0.0,72.0,189.0,13.0,0.0,0.0
Rhode Island,2023,8,704,667,0.0,150.0,10.0,10.0,0.0,11.0,0.0,0.0,66.0,141.0,23.0,0.0,0.0
Rhode Island,2023,9,527,508,0.0,113.0,0.0,14.0,0.0,12.0,0.0,0.0,40.0,104.0,10.0,0.0,0.0
South Carolina,2023,1,4754,4294,73.0,841.0,152.0,205.0,65.0,245.0,80.0,80.0,0.0,1009.0,229.0,357.0,229.0
South Carolina,2023,2,4552,4037,62.0,821.0,125.0,189.0,65.0,258.0,78.0,68.0,0.0,953.0,219.0,204.0,105.0
South Carolina,2023,3,4514,4003,63.0,877.0,125.0,156.0,28.0,207.0,61.0,68.0,0.0,985.0,236.0,122.0,60.0
South Carolina,2023,4,5331,4760,86.0,1034.0,158.0,227.0,33.0,253.0,92.0,85.0,24.0,1137.0,257.0,89.0,38.0
South Carolina,2023,5,4144,3666,57.0,810.0,126.0,153.0,11.0,208.0,63.0,61.0,56.0,879.0,219.0,65.0,12.0
South Carolina,2023,6,4208,3747,43.0,801.0,115.0,194.0,38.0,178.0,89.0,73.0,104.0,891.0,211.0,47.0,0.0
South Carolina,2023,7,5234,4760,84.0,1053.0,147.0,213.0,24.0,227.0,88.0,80.0,233.0,1046.0,274.0,25.0,0.0
South Carolina,2023,8,4107,3824,60.0,838.0,111.0,178.0,21.0,176.0,77.0,57.0,314.0,804.0,187.0,59.0,48.0
South Carolina,2023,9,2777,2689,34.0,590.0,77.0,113.0,13.0,137.0,42.0,47.0,245.0,527.0,141.0,79.0,62.0
South Dakota,2023,1,704,648,0.0,121.0,11.0,32.0,0.0,22.0,0.0,0.0,0.0,148.0,12.0,0.0,0.0
South Dakota,2023,2,641,588,0.0,128.0,10.0,0.0,0.0,0.0,0.0,0.0,0.0,138.0,12.0,11.0,0.0
South Dakota,2023,3,645,592,0.0,131.0,0.0,10.0,0.0,11.0,0.0,0.0,0.0,129.0,19.0,0.0,0.0
South Dakota,2023,4,831,773,0.0,175.0,0.0,0.0,0.0,43.0,0.0,0.0,0.0,188.0,37.0,0.0,0.0
South Dakota,2023,5,640,570,0.0,124.0,0.0,10.0,0.0,13.0,0.0,0.0,0.0,132.0,12.0,0.0,0.0
South Dakota,2023,6,615,558,0.0,143.0,0.0,0.0,0.0,12.0,0.0,0.0,0.0,133.0,10.0,0.0,0.0
South Dakota,2023,7,798,725,0.0,176.0,0.0,10.0,0.0,0.0,0.0,0.0,0.0,158.0,23.0,0.0,0.0
South Dakota,2023,8,615,552,0.0,143.0,0.0,0.0,0.0,10.0,0.0,0.0,0.0,128.0,0.0,0.0,0.0
South Dakota,2023,9,280,265,0.0,67.0,0.0,0.0,0.0,0.0,0.0,0.0,0.0,49.0,0.0,0.0,0.0
Tennessee,2023,1,6993,6251,88.0,1191.0,204.0,228.0,155.0,382.0,109.0,107.0,73.0,1560.0,302.0,410.0,278.0
Tennessee,2023,2,6559,5837,93.0,1216.0,223.0,198.0,93.0,354.0,77.0,94.0,65.0,1438.0,340.0,291.0,194.0
Tennessee,2023,3,6476,5730,81.0,1236.0,212.0,191.0,111.0,365.0,93.0,106.0,82.0,1411.0,297.0,200.0,138.0
Tennessee,2023,4,7905,6962,108.0,1474.0,259.0,226.0,113.0,453.0,95.0,119.0,124.0,1811.0,379.0,183.0,108.0
Tennessee,2023,5,6150,5469,79.0,1111.0,196.0,186.0,84.0,377.0,73.0,105.0,129.0,1353.0,321.0,98.0,60.0
Tennessee,2023,6,5993,5292,71.0,1140.0,178.0,219.0,97.0,323.0,97.0,103.0,130.0,1304.0,283.0,60.0,23.0
Tennessee,2023,7,7397,6630,97.0,1485.0,221.0,261.0,107.0,344.0,88.0,98.0,300.0,1597.0,365.0,43.0,0.0
Tennessee,2023,8,5890,5493,83.0,1135.0,168.0,197.0,92.0,275.0,52.0,95.0,452.0,1262.0,290.0,114.0,78.0
Tennessee,2023,9,3915,3787,49.0,757.0,134.0,146.0,61.0,240.0,50.0,60.0,353.0,775.0,193.0,110.0,82.0
Texas,2023,1,19690,18039,352.0,3499.0,709.0,875.0,346.0,886.0,318.0,388.0,262.0,4227.0,1017.0,1021.0,744.0
Texas,2023,2,18871,17274,275.0,3507.0,653.0,825.0,282.0,850.0,304.0,412.0,324.0,4110.0,982.0,662.0,443.0
Texas,2023,3,18117,16519,272.0,3488.0,608.0,749.0,257.0,805.0,356.0,399.0,274.0,3958.0,960.0,449.0,289.0
Texas,2023,4,21790,19762,343.0,4215.0,721.0,922.0,268.0,1000.0,383.0,405.0,310.0,4705.0,1184.0,388.0,257.0
Texas,2023,5,17086,15475,232.0,3440.0,545.0,736.0,200.0,767.0,298.0,354.0,285.0,3671.0,922.0,202.0,132.0
Texas,2023,6,17268,15578,224.0,3442.0,567.0,754.0,185.0,695.0,295.0,381.0,409.0,3827.0,874.0,150.0,91.0
Texas,2023,7,21250,19360,335.0,4197.0,660.0,886.0,236.0,854.0,355.0,418.0,922.0,4453.0,1083.0,136.0,74.0
Texas,2023,8,16620,15487,243.0,3359.0,452.0,706.0,160.0,674.0,298.0,337.0,1278.0,3331.0,853.0,231.0,170.0
Texas,2023,9,9433,9249,165.0,2102.0,292.0,461.0,103.0,404.0,172.0,186.0,684.0,1921.0,520.0,216.0,156.0
United States,2023,1,262482,239176,3692.0,47480.0,8068.0,9895.0,5544.0,12900.0,4318.0,4670.0,3316.0,57410.0,13448.0,13724.0,9287.0
United States,2023,2,249806,226936,3345.0,47645.0,7946.0,9320.0,3765.0,12075.0,4020.0,4520.0,3462.0,55481.0,13013.0,9241.0,5961.0
United States,2023,3,244152,221729,3403.0,47091.0,7622.0,8750.0,3510.0,11855.0,4045.0,4446.0,3812.0,54466.0,12686.0,7266.0,4614.0
United States,2023,4,295079,267152,4038.0,57688.0,9209.0,10796.0,4137.0,14634.0,4874.0,5279.0,5427.0,65378.0,15512.0,6239.0,3852.0
United States,2023,5,228104,206422,3011.0,46343.0,7014.0,8055.0,3102.0,10790.0,3763.0,4162.0,5034.0,50036.0,12109.0,3267.0,1961.0
United States,2023,6,224697,203758,2975.0,46409.0,6731.0,8055.0,2925.0,10416.0,3574.0,4107.0,6160.0,49198.0,11814.0,2486.0,1472.0
United States,2023,7,276441,253039,3693.0,57933.0,8281.0,9821.0,3325.0,12542.0,4377.0,4764.0,12117.0,59219.0,14373.0,2567.0,1588.0
United States,2023,8,217766,203831,2857.0,46372.0,6342.0,8121.0,2492.0,9666.0,3563.0,3816.0,13521.0,45223.0,11578.0,3263.0,2221.0
United States,2023,9,135920,132566,1829.0,30043.0,3871.0,5525.0,1681.0,6349.0,2196.0,2467.0,9492.0,28873.0,7379.0,3147.0,2234.0
Utah,2023,1,1829,1624,24.0,281.0,45.0,94.0,43.0,90.0,13.0,12.0,0.0,381.0,79.0,27.0,11.0
Utah,2023,2,1699,1504,0.0,319.0,48.0,80.0,0.0,70.0,10.0,0.0,0.0,368.0,49.0,0.0,0.0
Utah,2023,3,1661,1506,10.0,277.0,52.0,71.0,0.0,75.0,12.0,10.0,0.0,347.0,70.0,23.0,0.0
Utah,2023,4,2113,1866,0.0,347.0,70.0,108.0,0.0,92.0,0.0,0.0,12.0,469.0,92.0,0.0,0.0
Utah,2023,5,1622,1437,0.0,282.0,56.0,66.0,0.0,64.0,10.0,10.0,0.0,351.0,72.0,0.0,0.0
Utah,2023,6,1578,1390,10.0,277.0,56.0,68.0,0.0,60.0,14.0,22.0,0.0,331.0,52.0,0.0,0.0
Utah,2023,7,1983,1770,0.0,351.0,68.0,85.0,0.0,86.0,12.0,11.0,69.0,391.0,86.0,0.0,0.0
Utah,2023,8,1598,1473,0.0,284.0,38.0,77.0,0.0,65.0,10.0,0.0,131.0,306.0,70.0,0.0,0.0
Utah,2023,9,1076,1044,0.0,205.0,13.0,64.0,0.0,36.0,0.0,0.0,107.0,222.0,46.0,0.0,0.0
Vermont,2023,1,536,478,0.0,117.0,0.0,11.0,0.0,10.0,0.0,0.0,0.0,127.0,0.0,0.0,0.0
Vermont,2023,2,522,456,0.0,91.0,0.0,0.0,0.0,10.0,0.0,0.0,0.0,121.0,0.0,13.0,0.0
Vermont,2023,3,521,480,0.0,112.0,0.0,0.0,0.0,23.0,0.0,0.0,0.0,125.0,0.0,0.0,0.0
Vermont,2023,4,639,567,0.0,149.0,0.0,0.0,0.0,10.0,0.0,0.0,0.0,130.0,0.0,10.0,0.0
Vermont,2023,5,448,397,0.0,87.0,0.0,12.0,0.0,0.0,0.0,0.0,0.0,97.0,0.0,0.0,0.0
Vermont,2023,6,462,419,0.0,113.0,0.0,0.0,0.0,0.0,0.0,0.0,0.0,99.0,0.0,0.0,0.0
Vermont,2023,7,580,516,0.0,149.0,0.0,0.0,0.0,23.0,0.0,0.0,0.0,117.0,0.0,0.0,0.0
Vermont,2023,8,442,410,0.0,105.0,0.0,0.0,0.0,0.0,0.0,0.0,0.0,88.0,0.0,0.0,0.0
Vermont,2023,9,326,302,0.0,72.0,0.0,0.0,0.0,0.0,0.0,0.0,19.0,76.0,0.0,0.0,0.0
Virginia,2023,1,6544,6009,68.0,1172.0,214.0,191.0,106.0,317.0,121.0,126.0,73.0,1364.0,339.0,417.0,276.0
Virginia,2023,2,6357,5815,79.0,1200.0,205.0,208.0,68.0,299.0,127.0,131.0,78.0,1338.0,389.0,289.0,179.0
Virginia,2023,3,6034,5509,90.0,1225.0,219.0,147.0,68.0,233.0,111.0,134.0,77.0,1242.0,331.0,152.0,105.0
Virginia,2023,4,7264,6614,107.0,1443.0,227.0,211.0,82.0,303.0,116.0,169.0,112.0,1599.0,384.0,131.0,76.0
Virginia,2023,5,5638,5179,81.0,1198.0,177.0,150.0,60.0,263.0,98.0,104.0,158.0,1218.0,303.0,65.0,22.0
Virginia,2023,6,5615,5220,74.0,1236.0,172.0,144.0,78.0,251.0,102.0,114.0,274.0,1195.0,303.0,40.0,22.0
Virginia,2023,7,6856,6439,77.0,1519.0,231.0,215.0,69.0,295.0,149.0,157.0,395.0,1408.0,369.0,46.0,0.0
Virginia,2023,8,5629,5280,73.0,1229.0,173.0,178.0,38.0,245.0,114.0,91.0,322.0,1160.0,290.0,74.0,43.0
Virginia,2023,9,3710,3576,43.0,824.0,124.0,124.0,48.0,143.0,53.0,62.0,209.0,797.0,220.0,72.0,48.0
Washington,2023,1,5602,4961,57.0,1109.0,147.0,309.0,87.0,255.0,90.0,31.0,64.0,1052.0,265.0,197.0,126.0
Washington,2023,2,5190,4646,64.0,1049.0,168.0,258.0,60.0,224.0,51.0,39.0,64.0,990.0,252.0,178.0,110.0
Washington,2023,3,5249,4611,44.0,1042.0,156.0,252.0,41.0,214.0,70.0,47.0,82.0,1009.0,250.0,145.0,98.0
Washington,2023,4,6458,5688,56.0,1312.0,204.0,367.0,53.0,277.0,96.0,26.0,89.0,1265.0,307.0,174.0,106.0
Washington,2023,5,4802,4208,27.0,1026.0,147.0,213.0,51.0,210.0,71.0,35.0,79.0,891.0,203.0,76.0,35.0
Washington,2023,6,4732,4186,51.0,1026.0,126.0,242.0,58.0,211.0,46.0,52.0,123.0,880.0,217.0,54.0,12.0
Washington,2023,7,5830,5165,49.0,1268.0,165.0,270.0,24.0,234.0,84.0,14.0,223.0,1082.0,278.0,40.0,11.0
Washington,2023,8,4698,4252,34.0,1059.0,133.0,226.0,0.0,174.0,78.0,27.0,256.0,856.0,215.0,83.0,50.0
Washington,2023,9,2953,2847,22.0,701.0,78.0,154.0,14.0,122.0,47.0,10.0,180.0,544.0,152.0,81.0,60.0
West Virginia,2023,1,2091,1880,12.0,329.0,87.0,56.0,48.0,148.0,12.0,51.0,46.0,438.0,92.0,125.0,88.0
West Virginia,2023,2,2085,1875,0.0,386.0,80.0,43.0,25.0,151.0,11.0,26.0,37.0,462.0,71.0,120.0,83.0
West Virginia,2023,3,1892,1686,0.0,354.0,70.0,32.0,0.0,124.0,0.0,37.0,10.0,378.0,65.0,73.0,51.0
West Virginia,2023,4,2356,2096,0.0,424.0,86.0,26.0,41.0,142.0,25.0,15.0,30.0,521.0,99.0,29.0,13.0
West Virginia,2023,5,1770,1566,0.0,345.0,62.0,24.0,35.0,97.0,10.0,11.0,22.0,379.0,86.0,0.0,0.0
West Virginia,2023,6,1677,1491,0.0,331.0,61.0,42.0,35.0,109.0,0.0,0.0,25.0,352.0,82.0,0.0,0.0
West Virginia,2023,7,2200,1997,0.0,405.0,90.0,31.0,0.0,129.0,0.0,34.0,122.0,469.0,91.0,0.0,0.0
West Virginia,2023,8,1747,1656,0.0,350.0,75.0,39.0,12.0,89.0,22.0,12.0,139.0,347.0,78.0,0.0,0.0
West Virginia,2023,9,1174,1130,0.0,234.0,30.0,10.0,0.0,73.0,0.0,0.0,117.0,247.0,56.0,30.0,12.0
Wisconsin,2023,1,4820,4370,61.0,921.0,128.0,212.0,108.0,222.0,54.0,60.0,77.0,1019.0,212.0,169.0,102.0
Wisconsin,2023,2,4526,4098,39.0,917.0,115.0,179.0,51.0,196.0,68.0,65.0,72.0,1014.0,209.0,150.0,100.0
Wisconsin,2023,3,4451,4045,43.0,832.0,119.0,188.0,37.0,191.0,77.0,60.0,105.0,1027.0,216.0,146.0,101.0
Wisconsin,2023,4,5435,4975,58.0,1074.0,127.0,234.0,35.0,257.0,91.0,74.0,180.0,1213.0,267.0,129.0,86.0
Wisconsin,2023,5,4297,3903,38.0,912.0,109.0,177.0,26.0,194.0,55.0,62.0,153.0,946.0,206.0,61.0,12.0
Wisconsin,2023,6,4294,3891,51.0,913.0,117.0,156.0,22.0,175.0,55.0,67.0,155.0,922.0,210.0,12.0,0.0
Wisconsin,2023,7,5094,4654,41.0,1042.0,131.0,177.0,25.0,217.0,60.0,69.0,242.0,1150.0,229.0,10.0,0.0
Wisconsin,2023,8,4095,3782,14.0,925.0,86.0,158.0,0.0,177.0,55.0,67.0,241.0,869.0,196.0,23.0,0.0
Wisconsin,2023,9,2636,2571,25.0,607.0,60.0,123.0,11.0,106.0,35.0,36.0,175.0,557.0,153.0,14.0,0.0
Wyoming,2023,1,424,372,0.0,71.0,0.0,0.0,0.0,17.0,0.0,0.0,0.0,64.0,0.0,0.0,0.0
Wyoming,2023,2,408,362,0.0,75.0,0.0,0.0,0.0,0.0,0.0,0.0,0.0,92.0,0.0,0.0,0.0
Wyoming,2023,3,397,359,0.0,65.0,0.0,0.0,0.0,11.0,0.0,0.0,0.0,82.0,0.0,0.0,0.0
Wyoming,2023,4,534,480,0.0,94.0,0.0,0.0,0.0,33.0,0.0,0.0,0.0,119.0,0.0,0.0,0.0
Wyoming,2023,5,392,341,0.0,46.0,0.0,0.0,0.0,0.0,0.0,0.0,0.0,89.0,0.0,0.0,0.0
Wyoming,2023,6,361,307,0.0,74.0,0.0,0.0,0.0,0.0,0.0,0.0,0.0,80.0,0.0,0.0,0.0
Wyoming,2023,7,509,461,0.0,109.0,0.0,0.0,0.0,0.0,0.0,0.0,0.0,99.0,0.0,0.0,0.0
Wyoming,2023,8,401,361,0.0,89.0,0.0,0.0,0.0,0.0,0.0,0.0,10.0,77.0,0.0,0.0,0.0
Wyoming,2023,9,205,201,0.0,32.0,0.0,0.0,0.0,0.0,0.0,0.0,13.0,25.0,0.0,0.0,0.0
