Jurisdiction of Occurrence,Week Ending Date,Week Ending Date,All Cause,Natural Cause,Septicemia,Malignant neoplasms,Diabetes mellitus,Alzheimer disease,Influenza and pneumonia,Chronic lower respiratory diseases,Other diseases of respiratory system,"Nephritis, nephrotic syndrome and nephrosis","Symptoms, signs and abnormal clinical and laboratory findings, not elsewhere classified (R00-R99)",Diseases of heart,Cerebrovascular diseases,COVID-19 (Multiple Cause of Death),COVID-19 (Underlying Cause of Death),Population
Alabama,2023,1,94.75,86.7,2.07,16.15,2.04,3.6999999999999997,1.84,5.3,1.78,2.2,1.3399999999999999,23.3,4.7,4.5600000000000005,3.5,20433872
Alabama,2023,2,94.08,86.19,1.8,16.66,2.55,3.72,1.27,5.1000000000000005,1.54,2.26,1.48,23.240000000000002,4.84,3.39,2.61,20433872
Alabama,2023,3,86.94,78.74,1.54,15.21,2.12,3.13,1.56,5.0600000000000005,1.74,1.93,1.6,21.47,4.45,1.8199999999999998,1.24,20433872
Alabama,2023,4,107.53999999999999,98.01,1.97,19.32,2.69,4.34,1.22,5.85,2.35,2.55,2.01,26.46,5.56,1.71,0.87,25542340
Alabama,2023,5,86.53,78.34,1.59,16.05,1.98,3.19,1.3399999999999999,4.15,1.66,1.88,1.9,21.57,4.58,1.05,0.45,20433872
Alabama,2023,6,81.05000000000001,73.73,1.54,14.41,1.88,3.44,1.28,3.85,1.78,1.68,2.41,19.89,4.25,0.2,0.0,20433872
Alabama,2023,7,102.11,94.7,2.09,19.79,2.59,3.91,1.0899999999999999,5.5,2.33,2.45,3.83,23.99,5.550000000000001,0.74,0.0,25542340
Alabama,2023,8,78.92999999999999,74.67,1.4,14.68,1.8199999999999998,3.1799999999999997,1.07,4.12,1.6199999999999999,1.48,2.7199999999999998,19.29,5.08,1.44,0.79,20433872
Alabama,2023,9,43.17,42.44,0.84,8.5,0.7,1.92,0.48,2.51,0.88,0.54,1.4700000000000002,10.8,2.1,1.19,1.01,15325404
Alaska,2023,1,60.81,50.86,0.0,9.41,0.0,0.0,0.0,0.0,0.0,0.0,0.0,10.370000000000001,1.36,0.0,0.0,2933624
Alaska,2023,2,58.91,48.94,0.0,10.23,0.0,0.0,0.0,0.0,0.0,0.0,0.0,10.78,0.0,0.0,0.0,2933624
Alaska,2023,3,53.59,45.54,0.0,10.77,0.0,0.0,0.0,0.0,0.0,0.0,0.0,9.27,0.0,0.0,0.0,2933624
Alaska,2023,4,69.94,57.82,0.0,12.41,0.0,0.0,0.0,0.0,0.0,0.0,0.0,12.81,0.0,0.0,0.0,3667030
Alaska,2023,5,51.54,40.769999999999996,0.0,9.55,0.0,0.0,0.0,0.0,0.0,0.0,0.0,10.91,0.0,0.0,0.0,2933624
Alaska,2023,6,55.5,44.05,0.0,12.28,0.0,0.0,0.0,0.0,0.0,0.0,0.0,7.09,0.0,0.0,0.0,2933624
Alaska,2023,7,59.44,48.68,0.0,9.41,0.0,0.0,0.0,0.0,0.0,0.0,0.0,9.96,0.0,0.0,0.0,3667030
Alaska,2023,8,40.510000000000005,36.0,0.0,8.18,0.0,0.0,0.0,0.0,0.0,0.0,0.0,6.0,0.0,0.0,0.0,2933624
Alaska,2023,9,14.18,13.64,0.0,4.09,0.0,0.0,0.0,0.0,0.0,0.0,0.0,0.0,0.0,0.0,0.0,2200218
Arizona,2023,1,79.49,71.04,0.63,13.59,2.73,3.26,1.44,3.88,1.4100000000000001,1.08,0.72,17.07,4.07,3.1399999999999997,2.14,29725376
Arizona,2023,2,77.66,68.98,0.5700000000000001,13.99,2.6799999999999997,2.9699999999999998,1.0,4.54,1.37,0.75,0.74,17.38,3.61,1.73,1.01,29725376
Arizona,2023,3,75.38,66.62,0.53,13.239999999999998,2.68,3.0,1.05,3.93,1.47,0.96,0.79,16.77,3.59,1.88,1.23,29725376
Arizona,2023,4,95.46,84.24,0.62,17.48,3.42,3.55,1.56,5.53,1.78,1.28,1.08,19.96,3.84,2.06,1.37,37156720
Arizona,2023,5,70.09,61.65,0.52,13.64,2.23,2.9,1.04,3.4699999999999998,1.27,0.8200000000000001,0.8,14.92,2.92,1.47,1.0,29725376
Arizona,2023,6,67.16,58.95,0.35,13.32,2.19,2.4299999999999997,0.8200000000000001,3.04,0.99,0.53,1.19,14.319999999999999,3.04,1.01,0.36,29725376
Arizona,2023,7,90.13,78.41,0.67,16.05,2.98,2.69,0.75,4.25,1.3199999999999998,0.98,6.17,17.37,3.67,1.12,0.5700000000000001,37156720
Arizona,2023,8,66.19,60.33,0.45,13.33,2.05,2.69,0.68,2.96,0.9100000000000001,0.79,6.4399999999999995,12.25,2.96,0.45,0.0,29725376
Arizona,2023,9,42.09,40.620000000000005,0.17,8.46,1.3399999999999999,1.81,0.48,1.8399999999999999,0.79,0.26,4.1899999999999995,8.23,1.99,0.64,0.46,22294032
Arkansas,2023,1,98.09,90.9,1.82,16.5,3.75,4.43,2.02,6.61,1.6,2.35,0.0,22.56,4.96,5.3100000000000005,3.62,12270928
Arkansas,2023,2,93.1,85.93,1.53,17.009999999999998,2.65,3.7800000000000002,1.24,6.8,0.8500000000000001,1.63,0.0,23.009999999999998,4.4,3.22,2.32,12270928
Arkansas,2023,3,89.68,83.25999999999999,1.63,16.17,3.45,3.7800000000000002,1.9200000000000002,6.85,1.1099999999999999,2.12,0.0,20.86,4.89,1.6600000000000001,0.0,12270928
Arkansas,2023,4,108.91,99.19,2.03,20.05,3.9000000000000004,4.43,1.5,7.779999999999999,0.79,1.9900000000000002,0.0,24.41,5.65,1.1099999999999999,0.33,15338660
Arkansas,2023,5,84.53,77.13,1.77,16.27,3.43,3.16,0.72,4.890000000000001,1.21,2.19,0.66,18.92,4.5600000000000005,0.8500000000000001,0.36,12270928
Arkansas,2023,6,81.77,75.84,1.6,15.84,3.53,3.16,0.75,4.76,0.39,0.98,1.93,19.46,3.6100000000000003,0.0,0.0,12270928
Arkansas,2023,7,105.45,99.02,1.31,20.44,4.07,4.800000000000001,1.53,6.5200000000000005,1.14,2.11,4.57,25.27,4.53,0.0,0.0,15338660
Arkansas,2023,8,82.08,76.44,1.01,16.31,2.54,3.39,0.0,4.76,1.3399999999999999,1.95,3.1,19.08,3.97,0.46,0.33,12270928
Arkansas,2023,9,53.66,52.19,0.52,11.74,1.6600000000000001,2.2199999999999998,0.66,3.84,0.0,0.78,1.4300000000000002,13.66,2.58,1.21,0.36,9203196
California,2023,1,65.53,59.58,0.41,12.280000000000001,2.42,3.48,1.5,2.79,0.73,1.1,0.56,14.440000000000001,3.8600000000000003,3.2,2.26,155860772
California,2023,2,63.57,58.18,0.44,12.17,2.55,3.4699999999999998,1.33,2.86,0.8200000000000001,1.15,0.71,14.04,3.8,1.91,1.33,155860772
California,2023,3,62.49,57.18,0.43,11.76,2.5,3.31,1.1400000000000001,2.7,0.68,1.1,0.81,14.39,3.62,1.78,1.18,155860772
California,2023,4,73.48,66.82,0.46,14.35,2.87,3.89,1.17,3.16,0.89,1.21,1.46,16.240000000000002,4.51,1.52,0.99,194825965
California,2023,5,55.54,50.71,0.29000000000000004,11.78,2.21,2.88,0.8999999999999999,2.2,0.66,0.97,1.34,12.07,3.38,0.86,0.55,155860772
California,2023,6,54.91,50.19,0.30000000000000004,11.75,1.99,2.82,0.97,2.16,0.5800000000000001,0.87,1.61,11.780000000000001,3.4,0.75,0.5,155860772
California,2023,7,67.81,62.41,0.35,14.69,2.48,3.71,1.09,2.8,0.78,1.07,3.42,13.95,4.0,0.77,0.53,194825965
California,2023,8,53.05,50.21,0.36,11.96,1.7999999999999998,2.82,0.72,1.94,0.59,0.83,3.99,10.6,3.19,0.9099999999999999,0.6900000000000001,155860772
California,2023,9,32.99,32.41,0.17,7.71,1.13,2.16,0.49,1.21,0.37,0.52,2.3499999999999996,6.54,2.08,0.81,0.63,116895579
Colorado,2023,1,63.41,55.879999999999995,0.5900000000000001,10.2,1.71,2.6,0.83,4.35,1.01,1.08,0.0,11.49,3.03,2.8899999999999997,1.44,23510440
Colorado,2023,2,60.66,53.25,0.61,11.16,1.59,2.52,0.19,3.29,0.77,0.78,0.0,11.21,3.18,1.53,0.34,23510440
Colorado,2023,3,60.56,52.86,0.94,11.1,1.51,2.37,0.0,3.7199999999999998,1.2,0.8300000000000001,0.0,10.6,2.74,1.73,1.0,23510440
Colorado,2023,4,76.34,66.74000000000001,0.6000000000000001,14.15,2.17,3.3400000000000003,0.17,4.1,1.27,0.76,0.0,14.120000000000001,3.75,1.9700000000000002,0.75,29388050
Colorado,2023,5,57.71,49.36,0.65,11.25,1.39,1.97,0.0,2.94,0.7,0.2,0.17,10.95,2.98,0.79,0.0,23510440
Colorado,2023,6,55.910000000000004,47.65,0.19,10.6,1.53,2.1799999999999997,0.0,2.89,0.68,0.67,0.59,9.47,3.0300000000000002,0.5800000000000001,0.0,23510440
Colorado,2023,7,68.83,60.28,0.36,13.24,1.58,2.71,0.0,3.49,1.4,0.4,2.7199999999999998,12.83,3.29,0.19,0.0,29388050
Colorado,2023,8,56.620000000000005,52.01,0.17,11.19,1.31,2.3200000000000003,0.17,2.49,0.98,0.0,3.92,10.05,2.89,0.29,0.0,23510440
Colorado,2023,9,35.08,33.9,0.0,7.37,0.53,1.6,0.0,1.99,0.22,0.37,4.01,5.6,1.8599999999999999,0.56,0.17,17632830
Connecticut,2023,1,77.71000000000001,71.74,0.91,13.83,1.69,2.27,1.74,3.32,1.61,1.8599999999999999,0.3,15.399999999999999,3.92,5.109999999999999,3.48,14468704
Connecticut,2023,2,76.22,70.06,0.99,14.84,1.73,2.2600000000000002,1.49,2.93,1.56,1.77,0.39,15.56,3.54,3.18,2.1799999999999997,14468704
Connecticut,2023,3,70.47,64.33,0.5800000000000001,14.129999999999999,1.82,2.3499999999999996,1.08,2.29,1.1,0.97,0.0,14.55,2.7,1.9900000000000002,1.3699999999999999,14468704
Connecticut,2023,4,82.94,75.53,0.33,15.65,1.94,2.6799999999999997,1.28,3.7199999999999998,1.69,1.2200000000000002,0.0,18.38,3.81,0.5800000000000001,0.0,18085880
Connecticut,2023,5,66.95,60.1,0.28,13.16,0.67,2.25,0.72,2.46,1.35,1.32,0.5800000000000001,14.26,3.66,0.0,0.0,14468704
Connecticut,2023,6,62.89,57.36,0.41,13.3,1.21,1.77,0.41,2.3499999999999996,1.8199999999999998,1.3599999999999999,1.0,12.91,3.17,0.0,0.0,14468704
Connecticut,2023,7,81.92,75.34,0.69,18.51,1.69,2.21,0.69,3.1,1.0,1.93,2.84,16.009999999999998,3.4299999999999997,0.0,0.0,18085880
Connecticut,2023,8,63.15,61.35,0.28,13.57,1.03,1.79,0.0,2.0700000000000003,1.58,1.27,4.66,11.73,4.12,0.3,0.0,14468704
Connecticut,2023,9,41.28,41.28,0.3,9.7,0.3,1.38,0.64,1.51,0.78,1.02,3.34,7.27,1.6400000000000001,0.77,0.3,10851528
Delaware,2023,1,88.09,78.78,0.0,16.849999999999998,0.0,1.26,0.0,2.71,0.0,0.0,0.0,18.41,7.17,5.33,0.0,4127560
Delaware,2023,2,86.05,77.53,0.0,16.38,2.23,0.0,0.0,2.71,0.0,0.0,0.0,18.7,7.46,4.08,0.0,4127560
Delaware,2023,3,85.38,76.36,0.0,17.44,0.0,0.97,0.0,0.0,0.0,0.0,0.0,18.79,6.29,2.13,0.0,4127560
Delaware,2023,4,103.6,92.35,0.0,21.81,0.0,0.0,0.0,0.97,0.0,0.0,0.0,22.97,9.01,0.0,0.0,5159450
Delaware,2023,5,73.64999999999999,65.61,0.0,17.44,0.97,0.0,0.0,0.0,0.0,0.0,0.0,15.69,6.4,0.0,0.0,4127560
Delaware,2023,6,73.85,68.61,0.0,15.88,0.0,2.33,0.0,2.23,0.0,0.0,0.0,15.5,8.129999999999999,0.0,0.0,4127560
Delaware,2023,7,94.78999999999999,89.26,0.0,22.2,0.0,0.0,0.0,2.42,0.0,0.0,4.35,19.77,8.71,0.0,0.0,5159450
Delaware,2023,8,66.59,63.87,0.0,14.34,0.0,0.0,0.0,1.07,0.0,0.0,3.7800000000000002,14.64,5.44,0.0,0.0,4127560
Delaware,2023,9,38.48,37.99,0.0,9.2,0.97,0.0,0.0,0.0,0.0,0.0,0.0,7.95,4.17,0.0,0.0,3095670
District of Columbia,2023,1,77.62,65.1,0.0,13.99,0.0,0.0,0.0,0.0,0.0,0.0,0.0,16.64,0.0,0.0,0.0,2715888
District of Columbia,2023,2,75.4,61.42,0.0,13.69,0.0,0.0,0.0,0.0,0.0,0.0,0.0,16.79,0.0,0.0,0.0,2715888
District of Columbia,2023,3,74.23,57.44,0.0,11.790000000000001,0.0,0.0,0.0,0.0,0.0,0.0,0.0,15.47,0.0,0.0,0.0,2715888
District of Columbia,2023,4,87.03999999999999,70.55,0.0,14.440000000000001,0.0,0.0,0.0,0.0,0.0,0.0,0.0,19.439999999999998,0.0,0.0,0.0,3394860
District of Columbia,2023,5,78.2,64.51,0.0,14.43,0.0,0.0,0.0,0.0,0.0,0.0,0.0,17.23,0.0,0.0,0.0,2715888
District of Columbia,2023,6,67.3,56.260000000000005,0.0,12.809999999999999,0.0,0.0,0.0,0.0,0.0,0.0,1.47,14.73,0.0,0.0,0.0,2715888
District of Columbia,2023,7,82.62,73.2,0.0,17.23,0.0,0.0,0.0,0.0,0.0,0.0,12.23,12.809999999999999,1.91,0.0,0.0,3394860
District of Columbia,2023,8,68.49,62.3,0.0,13.85,0.0,0.0,0.0,0.0,0.0,0.0,8.98,12.37,1.62,0.0,0.0,2715888
District of Columbia,2023,9,29.9,29.310000000000002,0.0,7.0600000000000005,0.0,0.0,0.0,0.0,0.0,0.0,1.77,2.21,0.0,0.0,0.0,2036916
Florida,2023,1,88.18,80.05,1.04,16.759999999999998,2.77,2.29,1.69,4.49,1.07,1.42,1.49,19.509999999999998,6.11,3.98,2.7800000000000002,90442904
Florida,2023,2,83.35,75.03999999999999,0.9400000000000001,16.32,2.62,2.3,1.05,4.11,1.09,1.23,1.42,18.13,5.79,3.11,2.14,90442904
Florida,2023,3,81.44,73.5,0.9500000000000001,16.63,2.64,1.99,1.07,3.9699999999999998,1.08,1.27,1.34,17.84,5.77,1.93,1.15,90442904
Florida,2023,4,97.94,88.39,1.08,20.21,3.12,2.58,1.26,4.87,1.28,1.52,1.8599999999999999,21.13,7.47,1.85,1.15,113053630
Florida,2023,5,75.95,68.58,0.9500000000000001,16.310000000000002,2.36,1.72,0.9,3.67,1.03,1.17,1.57,16.35,5.75,1.2,0.77,90442904
Florida,2023,6,76.03,68.92,0.96,16.02,2.33,2.04,0.8,3.6799999999999997,0.91,1.16,1.92,16.15,5.76,1.21,0.8200000000000001,90442904
Florida,2023,7,95.7,87.23,1.2,20.22,3.0100000000000002,2.33,0.93,4.53,1.18,1.4100000000000001,3.69,20.369999999999997,6.87,1.58,1.06,113053630
Florida,2023,8,75.88,70.88,0.89,15.6,2.52,2.0700000000000003,0.79,3.69,0.88,1.18,4.86,15.84,5.28,2.23,1.52,90442904
Florida,2023,9,48.09,46.83,0.5,10.48,1.41,1.42,0.42,2.44,0.5800000000000001,0.77,3.74,10.25,3.6500000000000004,1.7,1.12,67832178
Georgia,2023,1,74.68,68.14,1.36,12.39,2.15,3.3,1.41,3.7,1.79,1.8399999999999999,0.86,16.64,3.77,4.04,2.94,44116908
Georgia,2023,2,70.94,64.42,1.33,13.7,2.02,3.13,0.98,3.2199999999999998,2.0,1.7,0.8999999999999999,15.469999999999999,3.52,2.49,1.5899999999999999,44116908
Georgia,2023,3,66.6,60.45,1.32,12.55,1.72,2.68,0.96,3.55,1.6,1.26,0.76,15.44,3.31,1.58,0.98,44116908
Georgia,2023,4,82.46,74.78,1.8599999999999999,16.38,2.27,3.61,1.11,4.07,2.2399999999999998,2.15,1.24,17.69,4.37,1.34,0.75,55146135
Georgia,2023,5,63.45,57.86,1.29,12.540000000000001,1.71,2.78,0.85,3.19,1.76,1.56,1.07,13.68,3.43,0.76,0.38,44116908
Georgia,2023,6,61.54,56.3,1.23,12.72,1.57,2.66,0.75,3.18,1.5,1.47,1.3,13.17,3.05,0.64,0.11,44116908
Georgia,2023,7,75.21,69.31,1.53,16.009999999999998,1.97,3.5,0.9,3.53,1.48,1.72,1.67,16.57,3.85,0.74,0.33,55146135
Georgia,2023,8,59.790000000000006,56.19,1.2000000000000002,12.879999999999999,1.63,2.7,0.47,2.88,1.57,1.25,1.51,12.73,3.5,1.03,0.72,44116908
Georgia,2023,9,31.08,30.45,0.66,6.93,0.63,1.49,0.33,1.51,0.71,0.68,0.59,7.12,1.82,0.9299999999999999,0.65,33087681
Hawaii,2023,1,74.35,69.33,0.0,14.76,0.0,2.79,0.77,0.0,0.0,0.0,0.0,16.650000000000002,5.57,1.47,0.0,5740552
Hawaii,2023,2,69.82,64.11,0.0,14.77,0.7,1.68,0.0,0.7,0.0,0.0,0.0,14.83,5.22,0.0,0.0,5740552
Hawaii,2023,3,76.3,71.42,0.0,15.809999999999999,0.77,0.98,0.0,0.7,0.0,0.0,0.7,18.05,5.77,0.0,0.0,5740552
Hawaii,2023,4,83.49000000000001,77.49,0.0,17.06,0.0,2.79,0.84,0.0,0.0,0.77,0.77,17.48,6.06,0.0,0.0,7175690
Hawaii,2023,5,63.91,58.59,0.0,12.41,0.7,3.5700000000000003,0.0,0.7,0.0,0.0,0.77,13.72,4.6,0.0,0.0,5740552
Hawaii,2023,6,66.55000000000001,62.370000000000005,0.0,13.93,0.0,2.52,0.0,0.0,0.0,0.0,3.06,13.44,4.5200000000000005,0.0,0.0,5740552
Hawaii,2023,7,79.1,74.76,0.0,15.95,0.0,3.5,0.0,0.0,0.0,0.0,4.52,17.41,5.51,0.0,0.0,7175690
Hawaii,2023,8,68.22,61.67,0.0,12.12,1.47,1.05,0.0,0.0,0.0,0.0,7.03,12.54,5.64,0.77,0.0,5740552
Hawaii,2023,9,40.28,39.44,0.0,7.390000000000001,0.0,0.0,0.0,0.0,0.0,0.0,7.25,6.9,2.44,0.0,0.0,4305414
Idaho,2023,1,67.03,60.78,0.0,12.63,1.07,2.75,1.07,4.08,0.0,0.0,0.0,13.58,3.11,1.6300000000000001,0.0,7858904
Idaho,2023,2,63.26,57.36,0.0,12.57,1.6800000000000002,2.49,0.0,3.5700000000000003,0.0,0.0,0.0,13.89,2.24,0.0,0.0,7858904
Idaho,2023,3,65.92,59.35,0.0,12.27,1.6300000000000001,3.1100000000000003,0.0,3.56,0.0,0.0,0.0,13.85,3.5100000000000002,1.78,1.12,7858904
Idaho,2023,4,80.47,71.42,0.0,15.99,0.0,3.3000000000000003,0.0,4.63,0.0,0.0,0.0,16.75,4.43,0.0,0.0,9823630
Idaho,2023,5,64.44,58.08,0.0,14.1,1.12,3.87,0.0,3.5100000000000002,0.0,0.0,0.0,12.26,3.4699999999999998,0.0,0.0,7858904
Idaho,2023,6,62.9,56.19,0.0,12.73,1.17,1.9900000000000002,0.0,3.15,0.0,0.0,0.0,12.93,2.34,0.0,0.0,7858904
Idaho,2023,7,76.75,68.66,0.0,16.5,1.07,3.04,0.0,3.46,0.0,0.0,0.61,14.9,3.71,0.0,0.0,9823630
Idaho,2023,8,63.68,57.32,0.0,13.79,1.07,2.95,0.0,3.3,0.0,0.0,3.0,11.4,2.85,0.0,0.0,7858904
Idaho,2023,9,37.36,35.94,0.0,7.6899999999999995,0.0,1.98,0.0,2.75,0.0,0.0,2.13,7.73,1.4300000000000002,0.0,0.0,5894178
Illinois,2023,1,73.56,67.34,1.24,13.530000000000001,2.13,2.96,1.69,3.44,1.01,1.75,0.96,16.09,4.4399999999999995,3.23,2.14,50198756
Illinois,2023,2,69.89,63.97,1.31,14.57,1.67,2.51,1.21,2.99,0.95,1.68,0.85,15.549999999999999,4.2700000000000005,1.88,1.29,50198756
Illinois,2023,3,67.9,61.989999999999995,1.19,13.68,1.88,2.13,1.13,2.91,0.98,1.61,0.95,15.649999999999999,4.2,1.99,1.42,50198756
Illinois,2023,4,84.25,76.62,1.38,17.75,1.83,2.95,1.28,3.98,1.1800000000000002,2.16,1.33,18.85,4.91,1.91,1.19,62748445
Illinois,2023,5,65.57,59.78,1.0,13.82,1.75,1.93,0.97,2.74,1.17,1.79,1.18,14.93,3.96,0.71,0.47,50198756
Illinois,2023,6,64.28999999999999,58.57,1.07,13.95,1.69,2.08,0.8200000000000001,2.8499999999999996,0.81,1.66,1.63,14.05,3.65,0.36,0.2,50198756
Illinois,2023,7,78.07,72.66,1.25,16.89,2.09,2.75,1.04,2.98,1.1099999999999999,1.71,3.76,17.55,4.54,0.54,0.16,62748445
Illinois,2023,8,56.11,53.19,0.8600000000000001,12.57,1.27,1.98,0.8200000000000001,2.4299999999999997,0.88,1.33,4.3100000000000005,11.97,3.42,0.41000000000000003,0.27,50198756
Illinois,2023,9,44.07,43.3,0.69,9.719999999999999,0.98,1.41,0.63,1.8599999999999999,0.45000000000000007,1.0,4.58,9.68,2.6799999999999997,0.6,0.38,37649067
Indiana,2023,1,84.59,77.39,1.07,15.61,2.61,2.65,1.57,5.55,1.35,1.6099999999999999,0.0,18.11,4.35,3.76,2.59,27448796
Indiana,2023,2,80.5,73.14,0.95,14.91,2.4699999999999998,2.54,0.94,5.01,1.47,1.6800000000000002,0.16,17.71,3.88,2.46,1.35,27448796
Indiana,2023,3,80.1,73.65,1.13,15.370000000000001,2.82,2.55,1.02,5.16,1.5,1.63,0.15,17.46,3.8600000000000003,2.36,1.52,27448796
Indiana,2023,4,97.78,88.85,1.44,18.78,3.3,3.15,0.91,6.86,1.9,2.08,0.15,21.729999999999997,4.970000000000001,1.96,1.29,34310995
Indiana,2023,5,76.48,69.47,1.04,15.33,2.5700000000000003,2.15,1.07,5.15,1.3900000000000001,1.66,0.16,17.14,3.88,0.89,0.19,27448796
Indiana,2023,6,75.67,68.94,1.08,15.77,2.38,1.88,0.97,4.66,1.21,1.7,0.0,17.03,3.5300000000000002,0.89,0.32,27448796
Indiana,2023,7,89.28,81.5,1.03,19.84,2.75,3.2199999999999998,0.74,5.359999999999999,1.6600000000000001,1.96,0.53,18.98,4.41,0.63,0.0,34310995
Indiana,2023,8,69.46000000000001,65.32,0.78,15.97,2.94,2.2800000000000002,0.89,4.45,1.26,1.55,0.86,14.53,3.6399999999999997,0.76,0.39,27448796
Indiana,2023,9,39.93,39.519999999999996,0.35,9.18,1.3900000000000001,1.76,0.35,2.98,0.9199999999999999,0.94,0.44000000000000006,8.83,2.0300000000000002,1.06,0.78,20586597
Iowa,2023,1,86.2,80.33,0.0,16.53,2.5,3.18,2.08,4.24,1.56,0.96,0.47,20.4,3.9299999999999997,3.31,1.84,12828016
Iowa,2023,2,81.07,75.24,0.0,15.41,2.56,4.05,1.02,4.03,0.75,0.56,0.34,20.64,3.4299999999999997,2.81,1.62,12828016
Iowa,2023,3,78.35,72.16,0.34,15.44,2.0,3.48,0.75,4.050000000000001,0.71,0.47,0.68,18.27,3.0100000000000002,2.84,1.69,12828016
Iowa,2023,4,97.28,89.97999999999999,0.75,19.03,2.42,4.859999999999999,0.68,5.65,0.62,1.12,0.0,23.6,4.33,2.67,1.21,16035020
Iowa,2023,5,74.39999999999999,68.72,0.65,15.28,2.01,2.7199999999999998,0.0,3.81,1.49,1.31,0.34,17.68,2.67,0.44,0.0,12828016
Iowa,2023,6,73.0,66.82,0.0,15.0,2.2800000000000002,2.7199999999999998,0.0,4.05,0.78,1.03,0.31,17.49,3.08,0.0,0.0,12828016
Iowa,2023,7,87.71,81.02,0.34,18.65,2.77,3.3,0.0,4.49,0.71,0.75,0.71,20.52,3.78,0.0,0.0,16035020
Iowa,2023,8,68.07,63.42,0.0,14.73,2.19,3.45,0.0,3.58,0.31,0.0,0.0,16.099999999999998,3.24,0.0,0.0,12828016
Iowa,2023,9,42.589999999999996,41.59,0.0,8.86,1.75,2.24,0.0,2.08,0.0,0.0,0.0,10.91,1.9300000000000002,0.0,0.0,9621012
Kansas,2023,1,83.42,75.74000000000001,0.78,14.55,2.7199999999999998,2.61,2.12,5.07,0.88,0.71,0.0,17.55,3.36,4.19,3.0300000000000002,11762184
Kansas,2023,2,78.56,72.61,0.0,14.28,2.8200000000000003,2.65,0.0,4.42,0.34,0.88,0.0,17.13,3.4,2.1399999999999997,0.44,11762184
Kansas,2023,3,78.99,72.3,0.0,15.07,2.21,2.28,0.48,4.6,0.41,0.44,0.0,16.25,3.51,3.09,2.3499999999999996,11762184
Kansas,2023,4,98.15,89.77,0.0,16.93,3.33,3.0,0.37,6.15,1.26,1.02,1.05,21.47,4.51,0.98,0.34,14702730
Kansas,2023,5,68.9,62.58,0.0,13.91,2.04,1.67,0.34,3.4299999999999997,0.44,1.19,0.74,15.79,3.44,0.48,0.0,11762184
Kansas,2023,6,70.4,64.07,0.0,13.29,2.52,1.97,0.37,3.54,0.34,1.46,1.46,15.36,2.59,0.0,0.0,11762184
Kansas,2023,7,82.27,75.46,0.0,17.31,2.62,1.8699999999999999,0.0,3.5300000000000002,0.41,1.19,3.54,16.73,3.48,0.0,0.0,14702730
Kansas,2023,8,68.28,64.41,0.34,13.74,2.11,1.62,0.0,3.43,0.81,0.85,4.66,12.92,3.4699999999999998,0.0,0.0,11762184
Kansas,2023,9,46.22,45.06,0.34,9.32,1.02,1.46,0.0,2.48,0.0,0.0,4.18,9.07,1.8,0.0,0.0,8821638
Kentucky,2023,1,100.44,91.49000000000001,2.2800000000000002,18.25,3.34,2.26,1.92,6.74,1.67,2.45,0.96,20.259999999999998,3.9299999999999997,6.45,3.95,18104616
Kentucky,2023,2,96.2,87.38,2.01,19.88,3.11,2.71,1.0,6.449999999999999,1.6400000000000001,1.8499999999999999,1.17,19.78,3.8099999999999996,5.35,2.99,18104616
Kentucky,2023,3,92.55,83.38,1.73,17.78,2.74,2.63,1.42,6.46,1.31,2.41,1.4,18.5,3.98,4.02,2.36,18104616
Kentucky,2023,4,111.09,99.38,1.9100000000000001,22.759999999999998,3.82,2.74,1.35,7.03,1.87,2.52,1.33,23.11,4.84,3.38,1.79,22630770
Kentucky,2023,5,84.46000000000001,75.53,1.6400000000000001,16.84,2.51,2.39,1.19,5.39,1.43,2.33,1.27,17.44,3.5999999999999996,1.9700000000000002,0.29,18104616
Kentucky,2023,6,85.19,76.58,1.79,18.55,2.04,2.45,1.09,5.27,1.6,2.34,0.45999999999999996,18.259999999999998,3.9299999999999997,1.61,0.27,18104616
Kentucky,2023,7,102.95,91.94,2.13,22.87,3.11,2.62,0.8700000000000001,6.23,2.14,2.54,1.42,20.880000000000003,3.87,0.8,0.0,22630770
Kentucky,2023,8,75.68,69.32,1.51,16.79,2.08,2.39,0.55,4.57,1.45,1.86,0.8599999999999999,15.59,2.92,1.3599999999999999,0.0,18104616
Kentucky,2023,9,39.55,38.95,1.13,9.7,1.21,1.46,0.24,2.58,0.4,0.6,0.0,8.35,1.99,1.2,0.5800000000000001,13578462
Louisiana,2023,1,89.99,81.09,2.26,15.31,3.19,3.31,1.31,4.43,2.1,1.99,1.29,21.39,4.5600000000000005,3.5300000000000002,2.3200000000000003,18294996
Louisiana,2023,2,89.31,79.47999999999999,1.6099999999999999,16.29,2.55,3.37,0.91,3.96,1.98,1.76,1.45,21.89,4.48,2.6500000000000004,1.71,18294996
Louisiana,2023,3,83.82,73.92,1.68,15.559999999999999,2.88,3.12,0.56,3.67,1.81,1.81,0.81,20.7,3.87,2.03,1.3599999999999999,18294996
Louisiana,2023,4,100.14999999999999,87.65,2.17,19.009999999999998,3.2,3.7199999999999998,1.12,4.7,2.21,2.0100000000000002,1.23,23.81,4.98,1.31,0.26,22868745
Louisiana,2023,5,79.89,70.11,1.7,15.85,2.81,2.91,0.24,3.98,1.68,2.01,0.59,18.54,3.65,0.28,0.0,18294996
Louisiana,2023,6,76.33,67.17,1.18,14.6,2.7700000000000005,3.24,0.39,3.3899999999999997,1.6,1.7799999999999998,0.31,18.48,3.62,0.0,0.0,18294996
Louisiana,2023,7,91.65,82.45,1.71,18.18,3.26,3.41,0.24,3.63,1.78,2.15,1.05,23.44,5.46,0.26,0.0,22868745
Louisiana,2023,8,66.03,63.05,1.49,14.49,2.16,3.38,0.0,3.4699999999999998,1.6,1.05,0.22,16.08,3.67,1.19,0.7,18294996
Louisiana,2023,9,34.33,33.980000000000004,0.5,8.11,0.92,2.23,0.0,1.64,0.92,0.8300000000000001,0.31,8.85,1.84,0.26,0.0,13721247
Maine,2023,1,102.1,92.92,0.0,20.41,1.8599999999999999,2.3600000000000003,2.72,4.73,0.0,0.0,0.0,20.34,4.01,4.15,2.3,5582888
Maine,2023,2,95.86,86.76,0.0,17.77,3.73,2.44,0.0,5.38,0.79,0.0,0.0,21.79,4.4399999999999995,3.73,1.51,5582888
Maine,2023,3,92.93,84.97,0.0,17.99,1.94,2.08,0.0,5.449999999999999,0.0,0.0,0.0,19.63,3.87,4.36,2.5100000000000002,5582888
Maine,2023,4,111.12,101.1,0.0,23.07,3.88,5.02,0.0,6.65,0.72,0.0,0.0,23.009999999999998,2.6500000000000004,0.72,0.0,6978610
Maine,2023,5,87.92,80.53,0.0,17.84,1.51,3.58,0.0,4.72,0.79,0.0,0.0,19.78,3.66,0.0,0.0,5582888
Maine,2023,6,84.89,76.22,0.0,18.990000000000002,2.79,0.0,0.0,4.29,0.0,0.0,0.0,16.630000000000003,2.51,0.0,0.0,5582888
Maine,2023,7,108.12,96.8,0.0,23.15,1.58,2.3,0.0,7.09,0.0,0.0,0.0,22.93,1.79,0.0,0.0,6978610
Maine,2023,8,88.35,81.97999999999999,0.0,18.200000000000003,3.23,0.93,0.0,3.37,0.0,0.0,4.3,18.41,3.37,0.0,0.0,5582888
Maine,2023,9,57.75,55.959999999999994,0.0,15.190000000000001,1.79,0.0,0.0,3.29,0.0,0.0,5.09,10.25,0.72,0.86,0.0,4187166
Maryland,2023,1,71.65,64.81,1.17,13.56,2.41,1.7,1.3,2.4699999999999998,0.8300000000000001,1.02,0.16,15.87,3.99,4.49,2.7800000000000002,24721012
Maryland,2023,2,69.9,62.87,1.21,13.85,2.43,1.77,1.01,2.51,0.8099999999999999,0.9199999999999999,0.0,14.73,4.1899999999999995,3.44,2.2,24721012
Maryland,2023,3,66.74000000000001,59.52,1.27,13.03,2.34,1.4300000000000002,0.16,2.71,1.03,1.05,0.0,14.95,3.7,2.42,1.15,24721012
Maryland,2023,4,77.32000000000001,68.93,1.34,15.42,2.94,1.49,0.6799999999999999,3.31,0.53,0.8899999999999999,0.0,17.46,4.390000000000001,1.6600000000000001,0.63,30901265
Maryland,2023,5,62.730000000000004,55.519999999999996,1.16,14.42,2.14,1.44,0.6,2.29,0.6,1.02,0.19,12.67,3.55,0.55,0.0,24721012
Maryland,2023,6,59.23,52.36,1.2,12.57,1.6400000000000001,1.29,0.37,1.9500000000000002,0.81,0.58,0.4,13.35,4.0,0.53,0.0,24721012
Maryland,2023,7,73.73,65.55,1.33,15.33,2.41,1.47,0.53,2.51,0.5700000000000001,0.38,1.0,16.33,4.85,0.33999999999999997,0.16,30901265
Maryland,2023,8,62.370000000000005,57.12,1.1400000000000001,14.59,2.34,1.46,0.19,2.04,0.42000000000000004,0.73,1.9,12.68,3.8600000000000003,0.96,0.47000000000000003,24721012
Maryland,2023,9,40.4,39.01,0.91,9.36,1.18,1.1,0.52,1.3699999999999999,0.21,0.53,2.59,8.45,2.48,0.89,0.66,18540759
Massachusetts,2023,1,76.72,70.61,1.36,14.14,1.54,2.3,1.89,3.2800000000000002,1.48,1.79,1.1,14.16,2.77,5.51,3.93,28005596
Massachusetts,2023,2,71.57,65.55,1.04,14.629999999999999,1.75,2.0999999999999996,1.1400000000000001,2.62,1.28,1.4,1.07,14.08,2.7399999999999998,3.42,2.2199999999999998,28005596
Massachusetts,2023,3,68.95,63.34,1.26,14.01,1.6099999999999999,2.0300000000000002,1.12,3.2,1.13,1.6099999999999999,0.95,13.07,2.7,1.99,1.33,28005596
Massachusetts,2023,4,82.0,75.32,1.47,16.15,2.44,2.36,1.29,3.56,1.72,1.8399999999999999,1.1,16.67,2.9,1.31,0.68,35006995
Massachusetts,2023,5,63.879999999999995,57.73,1.11,13.79,1.7,1.53,0.96,2.59,1.34,1.34,1.29,11.55,2.6,0.73,0.30000000000000004,28005596
Massachusetts,2023,6,63.73,58.3,0.93,14.190000000000001,1.49,1.6300000000000001,0.9199999999999999,2.44,1.08,1.27,1.83,12.6,2.71,0.46,0.0,28005596
Massachusetts,2023,7,78.17,73.96000000000001,1.19,18.41,1.58,1.58,0.4,2.92,1.41,1.69,6.3,14.02,3.27,0.0,0.0,35006995
Massachusetts,2023,8,63.52,61.45,1.17,14.0,1.17,1.6,0.77,2.89,1.05,1.25,7.43,10.74,2.77,0.91,0.65,28005596
Massachusetts,2023,9,43.95,43.24,0.78,9.6,0.9,1.07,0.23,1.57,0.6799999999999999,0.98,5.36,8.05,1.6600000000000001,1.21,0.94,21004197
Michigan,2023,1,84.8,78.08,1.05,16.14,2.53,3.64,2.2,4.48,1.24,1.54,0.8400000000000001,20.990000000000002,4.46,4.06,2.5900000000000003,40149044
Michigan,2023,2,81.07,74.77,0.94,15.559999999999999,2.86,3.13,1.1800000000000002,4.15,1.19,1.52,0.7,20.95,4.63,2.87,1.69,40149044
Michigan,2023,3,80.16,73.94,0.89,15.91,2.5,3.32,1.12,4.0600000000000005,1.1400000000000001,1.46,1.06,20.3,4.4399999999999995,2.88,1.68,40149044
Michigan,2023,4,97.36,88.87,1.08,19.35,2.86,3.77,1.27,4.84,1.34,2.06,1.19,24.91,5.41,2.62,1.6500000000000001,50186305
Michigan,2023,5,77.28,71.15,0.77,16.52,2.5,3.07,1.04,3.84,0.9199999999999999,1.34,1.21,19.73,4.24,1.46,0.81,40149044
Michigan,2023,6,73.71,67.31,0.8400000000000001,15.15,2.33,2.83,0.85,3.9,1.01,1.31,1.44,18.46,4.09,0.72,0.23,40149044
Michigan,2023,7,90.31,83.3,1.04,19.919999999999998,2.66,3.3899999999999997,0.8300000000000001,4.08,1.2,1.66,2.77,22.29,5.34,0.5800000000000001,0.1,50186305
Michigan,2023,8,73.18,68.55,0.9,15.91,2.04,2.92,0.62,3.49,0.96,1.41,3.63,17.48,4.37,0.8300000000000001,0.38,40149044
Michigan,2023,9,48.41,46.95,0.68,10.5,1.62,2.0,0.43999999999999995,2.26,0.73,1.0899999999999999,2.6100000000000003,12.120000000000001,2.74,0.76,0.51,30111783
Minnesota,2023,1,70.66,64.38,0.42,13.73,2.01,3.39,1.0,3.2199999999999998,1.04,0.5700000000000001,2.07,13.12,3.3200000000000003,3.77,2.02,22951660
Minnesota,2023,2,65.91,59.67,0.36,13.77,2.07,3.1799999999999997,0.5700000000000001,2.76,0.87,0.36,1.62,12.23,2.7,2.8,1.64,22951660
Minnesota,2023,3,68.22,62.120000000000005,0.5700000000000001,15.08,1.9,2.98,0.23,2.95,1.27,0.36,1.53,12.14,3.2,3.0100000000000002,1.78,22951660
Minnesota,2023,4,81.64,73.75,0.6900000000000001,17.21,2.56,3.87,0.5700000000000001,3.82,1.12,0.62,2.17,14.59,4.13,2.5,1.55,28689575
Minnesota,2023,5,61.4,55.31,0.17,13.03,1.96,2.84,0.0,2.49,0.71,0.4,1.3,11.16,2.77,1.13,0.89,22951660
Minnesota,2023,6,62.83,55.489999999999995,0.26,13.370000000000001,1.74,2.6,0.17,2.65,0.8500000000000001,0.5700000000000001,1.62,11.21,3.08,0.6,0.0,22951660
Minnesota,2023,7,74.59,67.38,0.68,17.31,2.3,3.6799999999999997,0.0,3.45,1.2999999999999998,0.38,1.76,13.23,3.86,0.19,0.0,28689575
Minnesota,2023,8,58.42,54.03,0.5800000000000001,13.64,1.74,2.84,0.0,2.55,0.41000000000000003,0.21,1.54,11.21,2.81,0.23,0.0,22951660
Minnesota,2023,9,38.28,37.47,0.0,9.34,1.32,1.97,0.0,1.5,0.56,0.17,1.05,7.57,1.92,0.72,0.23,17213745
Mississippi,2023,1,96.92,88.62,0.0,17.31,2.61,4.96,2.2199999999999998,6.66,1.73,2.01,0.0,22.72,5.03,5.74,3.98,11758760
Mississippi,2023,2,93.72,85.28,0.0,16.63,4.22,5.16,1.9,5.17,0.78,2.04,0.0,20.68,5.109999999999999,3.99,2.56,11758760
Mississippi,2023,3,87.9,78.81,0.41,15.47,3.12,4.42,1.56,4.9,1.26,1.7999999999999998,0.34,22.04,4.28,2.75,1.19,11758760
Mississippi,2023,4,102.25999999999999,92.84,0.0,19.29,3.46,4.77,1.63,6.22,1.09,2.01,0.34,25.1,5.03,2.79,0.34,14698450
Mississippi,2023,5,87.21000000000001,78.99000000000001,0.0,16.869999999999997,3.2,5.1,1.53,5.1,0.44,1.09,0.68,21.060000000000002,4.52,0.99,0.0,11758760
Mississippi,2023,6,83.75,76.37,0.34,16.37,2.79,4.01,1.19,5.0600000000000005,0.0,1.22,0.68,21.02,4.359999999999999,1.46,0.34,11758760
Mississippi,2023,7,102.36,93.48,0.0,19.35,3.0300000000000002,5.140000000000001,0.9199999999999999,6.53,1.53,1.7,1.3900000000000001,24.72,5.58,0.71,0.0,14698450
Mississippi,2023,8,84.7,77.94,0.0,16.46,2.79,4.8,0.34,4.49,0.71,0.81,2.58,21.43,4.63,1.0899999999999999,0.44,11758760
Mississippi,2023,9,52.49,51.12,0.0,11.05,1.67,2.92,0.68,3.49,0.41,0.75,1.8599999999999999,13.879999999999999,2.85,1.97,0.75,8819070
Missouri,2023,1,91.74000000000001,84.05,1.6,16.43,2.32,3.07,1.98,5.109999999999999,1.69,1.88,0.43000000000000005,21.55,4.72,3.65,2.87,24784624
Missouri,2023,2,88.1,79.49000000000001,1.35,16.990000000000002,2.35,3.18,1.33,4.38,1.4,2.38,0.0,20.259999999999998,4.26,2.81,2.0700000000000003,24784624
Missouri,2023,3,90.02,80.69,1.44,17.2,2.61,2.91,1.14,5.65,1.8099999999999998,2.64,0.35,19.75,4.390000000000001,2.4699999999999998,1.82,24784624
Missouri,2023,4,106.14,95.54,1.6099999999999999,20.57,2.79,3.51,1.85,6.54,1.76,2.67,0.19,23.11,5.1899999999999995,2.19,1.69,30980780
Missouri,2023,5,82.69,73.94,1.22,17.04,2.0,2.8600000000000003,1.18,4.67,1.37,2.19,0.35,18.9,3.43,1.1400000000000001,0.72,24784624
Missouri,2023,6,80.42,72.91,1.4100000000000001,16.7,2.22,3.02,1.4100000000000001,4.4399999999999995,1.29,2.24,0.18,18.57,4.34,0.19,0.0,24784624
Missouri,2023,7,96.06,86.86,1.5899999999999999,20.119999999999997,2.41,3.9,0.98,5.24,1.5899999999999999,2.19,0.0,22.400000000000002,4.9,0.36,0.0,30980780
Missouri,2023,8,72.15,68.19999999999999,1.03,17.009999999999998,2.19,2.89,0.9,4.17,1.1,2.31,0.0,15.99,3.8,0.34,0.29,24784624
Missouri,2023,9,45.870000000000005,44.85,0.71,10.94,1.31,1.81,0.88,2.59,0.9,1.67,0.0,10.31,2.46,0.77,0.65,18588468
Montana,2023,1,80.77,73.36,0.0,14.469999999999999,0.97,0.0,0.0,6.71,0.0,0.0,0.0,16.61,0.88,2.21,1.06,4531248
Montana,2023,2,76.00999999999999,69.38,0.0,15.709999999999999,0.0,0.88,0.0,4.42,0.0,0.0,0.0,16.86,0.0,0.0,0.0,4531248
Montana,2023,3,81.56,74.51,0.0,15.27,0.0,1.85,0.0,6.359999999999999,0.0,0.0,0.0,17.3,0.88,0.97,0.0,4531248
Montana,2023,4,96.4,88.45,0.0,18.990000000000002,0.88,0.0,0.0,6.36,0.0,0.0,0.0,23.4,0.0,0.0,0.0,5664060
Montana,2023,5,71.50999999999999,64.09,0.0,14.3,0.0,0.0,0.0,3.18,0.0,0.0,0.0,15.72,0.0,0.0,0.0,4531248
Montana,2023,6,73.8,65.5,0.0,13.15,1.24,0.0,0.0,3.53,0.0,0.0,0.0,17.92,0.97,0.0,0.0,4531248
Montana,2023,7,92.42,82.19,0.0,18.55,0.0,0.0,0.0,4.06,0.0,0.0,0.0,21.11,1.06,0.0,0.0,5664060
Montana,2023,8,67.61,61.79,0.0,12.98,0.0,0.0,0.0,2.91,0.0,0.0,0.0,15.1,2.0300000000000002,0.0,0.0,4531248
Montana,2023,9,40.26,38.489999999999995,0.0,8.3,0.0,0.0,0.0,1.24,0.0,0.0,0.0,10.25,0.88,0.0,0.0,3398436
Nebraska,2023,1,76.63,72.53999999999999,0.0,14.56,2.94,2.89,0.0,4.550000000000001,0.0,0.0,0.0,14.61,4.05,3.75,1.5699999999999998,7913516
Nebraska,2023,2,74.31,69.44999999999999,0.0,14.3,1.42,2.68,0.0,4.140000000000001,0.0,0.0,0.0,15.16,3.54,2.5900000000000003,0.51,7913516
Nebraska,2023,3,73.9,68.69,0.56,14.21,1.53,3.09,0.0,4.390000000000001,0.0,0.0,0.0,17.39,2.59,1.9700000000000002,0.86,7913516
Nebraska,2023,4,94.67,87.74,0.0,17.59,3.1,3.09,0.61,6.01,0.0,0.0,0.0,20.68,3.6500000000000004,3.19,1.02,9891895
Nebraska,2023,5,68.22999999999999,63.129999999999995,0.0,15.47,1.32,2.23,0.0,4.09,0.0,0.0,0.0,13.190000000000001,2.94,0.0,0.0,7913516
Nebraska,2023,6,68.08,63.74,0.0,15.17,1.72,2.48,0.0,3.94,0.0,0.0,0.0,14.0,3.64,0.51,0.0,7913516
Nebraska,2023,7,82.6,78.03999999999999,0.0,18.39,0.66,2.54,0.0,5.6,0.0,0.0,1.63,16.67,2.9899999999999998,0.0,0.0,9891895
Nebraska,2023,8,65.3,61.98,0.0,14.16,1.2200000000000002,3.04,0.0,3.14,0.51,0.0,1.37,13.8,2.94,0.0,0.0,7913516
Nebraska,2023,9,40.03,39.93,0.0,8.04,1.73,1.88,0.0,2.68,0.0,0.0,0.51,9.65,2.33,0.0,0.0,5935137
Nevada,2023,1,78.39,70.47,0.41,12.77,2.66,1.65,2.24,4.35,0.0,0.38,0.0,18.74,4.01,2.7800000000000002,2.2,12776704
Nevada,2023,2,74.54,66.28,0.0,14.28,2.5100000000000002,2.09,1.37,3.82,0.0,0.0,0.0,19.31,3.25,1.13,0.0,12776704
Nevada,2023,3,73.91,65.08,0.0,12.52,2.94,2.09,1.06,3.88,0.31,0.0,0.0,17.56,3.84,1.69,1.09,12776704
Nevada,2023,4,93.48,81.59,0.0,17.28,3.0900000000000003,2.88,1.5,5.48,0.0,0.0,0.31,22.83,4.01,1.16,0.65,15970880
Nevada,2023,5,70.22,61.730000000000004,0.0,12.36,2.59,2.19,1.1800000000000002,4.04,0.0,0.0,0.34,16.38,3.26,0.75,0.0,12776704
Nevada,2023,6,66.06,57.88,0.0,12.74,2.0700000000000003,1.54,0.0,3.66,0.0,0.0,0.72,16.12,3.13,0.31,0.0,12776704
Nevada,2023,7,86.25,75.39,0.0,15.93,2.38,2.1,0.41,3.6,0.0,0.0,7.29,19.23,4.220000000000001,0.0,0.0,15970880
Nevada,2023,8,65.61,60.019999999999996,0.0,12.86,2.04,1.48,0.0,3.43,0.0,0.0,7.51,12.74,2.93,0.31,0.0,12776704
Nevada,2023,9,24.86,23.89,0.0,5.32,0.0,0.72,0.0,1.15,0.0,0.31,2.2199999999999998,4.9799999999999995,1.18,0.69,0.0,9582528
New Hampshire,2023,1,87.8,79.87,0.0,16.259999999999998,1.49,1.8499999999999999,0.0,5.13,0.0,0.0,0.0,18.619999999999997,2.93,5.779999999999999,3.93,5608216
New Hampshire,2023,2,77.66999999999999,71.82,0.0,16.54,0.0,1.9300000000000002,0.0,4.07,0.0,0.0,0.0,16.34,1.71,3.0700000000000003,2.2,5608216
New Hampshire,2023,3,77.31,69.32,0.0,13.9,0.93,0.86,0.0,4.07,0.0,0.0,0.0,17.4,4.28,0.71,0.0,5608216
New Hampshire,2023,4,92.65,84.66,0.0,18.98,1.42,1.86,0.0,5.29,0.0,0.0,0.0,19.11,3.06,0.0,0.0,7010270
New Hampshire,2023,5,71.75,65.83,0.0,16.06,0.71,0.0,0.0,3.91,0.0,0.0,0.0,14.69,2.0,0.0,0.0,5608216
New Hampshire,2023,6,71.9,64.69,0.0,16.4,0.0,1.49,0.0,3.85,0.0,0.0,0.0,15.69,1.6400000000000001,0.0,0.0,5608216
New Hampshire,2023,7,90.59,82.52,0.0,19.83,0.78,3.2,0.0,4.21,0.0,0.0,1.07,20.55,2.71,0.0,0.0,7010270
New Hampshire,2023,8,73.38,67.27,0.0,15.19,0.71,1.6400000000000001,0.0,3.28,0.0,0.0,1.8599999999999999,16.04,2.63,0.0,0.0,5608216
New Hampshire,2023,9,50.489999999999995,48.559999999999995,0.0,10.77,0.0,1.78,0.0,2.14,0.0,0.0,3.14,10.91,2.92,0.0,0.0,4206162
New Jersey,2023,1,68.4,64.15,1.82,12.54,1.58,2.21,1.25,2.46,2.14,1.6099999999999999,1.8,15.24,3.08,4.48,3.11,37163364
New Jersey,2023,2,64.99000000000001,60.74,1.62,12.55,1.52,1.94,0.8,2.06,1.54,1.52,1.8800000000000001,15.6,3.1,3.19,2.14,37163364
New Jersey,2023,3,63.870000000000005,60.09,1.78,12.79,1.55,1.58,0.89,2.45,1.38,1.38,1.91,15.86,2.63,2.0100000000000002,1.3,37163364
New Jersey,2023,4,75.94,71.53,2.0100000000000002,15.51,1.98,2.48,1.1400000000000001,2.71,1.75,1.8,3.1500000000000004,17.86,3.39,1.19,0.77,46454205
New Jersey,2023,5,59.150000000000006,55.25,1.6600000000000001,12.24,1.3,1.75,0.89,2.13,1.56,1.33,2.79,13.42,3.05,0.67,0.11,37163364
New Jersey,2023,6,57.97,54.29,1.54,11.9,1.54,1.58,0.7100000000000001,2.06,1.46,1.64,3.11,13.5,2.54,0.17,0.13,37163364
New Jersey,2023,7,70.58,67.03,1.9100000000000001,15.2,1.51,1.83,0.88,2.49,1.73,1.48,4.87,16.21,3.3200000000000003,0.69,0.44000000000000006,46454205
New Jersey,2023,8,58.15,55.57,1.4100000000000001,12.53,1.51,1.74,0.69,1.73,1.49,1.46,4.13,12.940000000000001,2.63,0.72,0.54,37163364
New Jersey,2023,9,39.74,38.75,1.01,8.780000000000001,1.11,1.25,0.44,1.3,1.07,0.98,2.55,8.969999999999999,1.6199999999999999,0.8200000000000001,0.62,27872523
New Mexico,2023,1,83.9,74.21,0.0,14.71,3.26,2.5999999999999996,1.3199999999999998,3.83,0.0,0.0,0.0,17.07,2.88,4.3,2.8,8457484
New Mexico,2023,2,79.88,69.52,0.0,12.96,3.3600000000000003,1.6,1.04,3.32,0.99,0.0,0.0,17.27,3.92,1.74,0.52,8457484
New Mexico,2023,3,77.19,68.73,0.0,11.96,2.59,1.9,0.0,4.35,0.52,0.0,0.47,17.6,3.92,1.79,1.27,8457484
New Mexico,2023,4,101.88,88.96,0.0,17.87,4.45,3.26,0.0,4.39,1.65,0.0,0.0,20.95,4.31,3.11,1.65,10571855
New Mexico,2023,5,74.16,63.32,0.0,12.29,1.8,2.12,0.0,3.64,0.99,0.0,0.0,15.98,4.02,1.08,0.0,8457484
New Mexico,2023,6,72.27,61.82,0.0,12.81,1.8900000000000001,1.66,0.0,3.26,1.13,0.0,1.1800000000000002,14.61,3.27,0.52,0.0,8457484
New Mexico,2023,7,89.0,78.89,0.0,15.280000000000001,2.55,1.6099999999999999,0.0,4.21,0.0,0.0,7.29,17.83,3.6,0.0,0.0,10571855
New Mexico,2023,8,65.41,61.09,0.0,12.82,1.18,2.36,0.0,3.36,0.52,0.0,6.67,11.25,3.64,0.0,0.0,8457484
New Mexico,2023,9,35.81,34.769999999999996,0.0,7.28,0.0,1.04,0.0,2.36,0.0,0.0,3.78,6.95,2.08,0.0,0.0,6343113
New York,2023,1,47.28,43.87,0.8,8.74,1.28,0.95,1.6,2.0,1.2,0.77,0.89,10.73,1.93,2.93,1.92,78284864
New York,2023,2,43.67,40.48,0.56,7.99,1.2,0.84,1.1,1.97,1.11,0.82,0.84,10.47,1.77,2.24,1.42,78284864
New York,2023,3,42.2,39.18,0.5900000000000001,8.34,1.05,0.96,0.92,1.9300000000000002,1.07,0.68,0.89,10.07,1.7,1.7,1.01,78284864
New York,2023,4,50.51,46.79,0.73,10.09,1.29,1.04,1.06,2.23,1.18,0.86,1.37,12.35,1.96,1.26,0.8200000000000001,97856080
New York,2023,5,39.56,36.58,0.55,7.64,1.02,0.73,0.86,1.85,0.86,0.69,1.18,9.42,1.6600000000000001,0.6,0.32,78284864
New York,2023,6,39.01,36.04,0.49,8.059999999999999,1.0,0.77,0.81,1.68,0.9299999999999999,0.68,1.23,9.6,1.55,0.54,0.3,78284864
New York,2023,7,47.22,44.24,0.53,10.35,1.35,0.88,1.03,2.0,1.05,0.63,2.3,11.190000000000001,1.77,0.44,0.07,97856080
New York,2023,8,39.21,37.17,0.5,8.45,0.97,0.76,0.79,1.61,0.96,0.66,2.61,8.73,1.49,0.5900000000000001,0.43,78284864
New York,2023,9,26.869999999999997,25.990000000000002,0.36,5.72,0.8,0.56,0.52,1.18,0.69,0.45,1.77,6.05,0.9299999999999999,0.67,0.51,58713648
North Carolina,2023,1,84.56,77.57,1.03,15.23,2.8,3.36,1.46,4.12,1.59,1.5,1.78,16.65,4.5600000000000005,5.81,3.7800000000000002,43341964
North Carolina,2023,2,78.87,72.28,1.01,14.66,2.5300000000000002,2.9,1.18,4.26,1.28,1.75,2.35,15.25,4.67,3.33,2.07,43341964
North Carolina,2023,3,78.02,71.85,0.9,15.26,2.56,2.78,0.98,4.18,1.38,1.5,3.2,15.190000000000001,4.32,2.26,1.32,43341964
North Carolina,2023,4,93.32,85.91,1.15,18.55,2.94,3.24,1.1400000000000001,4.63,1.72,1.77,4.17,18.67,5.62,1.68,0.96,54177455
North Carolina,2023,5,72.50999999999999,66.94,0.99,13.4,2.2800000000000002,2.95,1.1,3.5,1.19,1.4300000000000002,4.6,14.0,4.08,0.97,0.51,43341964
North Carolina,2023,6,74.05,68.83,0.94,15.93,2.02,2.8600000000000003,0.75,3.49,1.24,1.23,4.34,13.95,4.050000000000001,0.71,0.24000000000000002,43341964
North Carolina,2023,7,87.94,81.16,1.11,18.18,2.9400000000000004,2.95,1.17,4.32,1.32,1.7,5.34,16.77,4.8500000000000005,1.02,0.47000000000000003,54177455
North Carolina,2023,8,72.15,66.91,0.76,14.61,2.26,2.82,0.87,3.29,1.28,1.52,3.94,13.68,4.32,1.18,0.68,43341964
North Carolina,2023,9,45.24,43.94,0.53,10.05,1.24,2.07,0.5700000000000001,2.23,0.8600000000000001,0.97,2.3000000000000003,9.17,2.76,1.11,0.8,32506473
North Dakota,2023,1,82.52,75.65,0.0,14.790000000000001,0.0,3.32,0.0,2.6799999999999997,0.0,0.0,0.0,18.11,0.0,0.0,0.0,3135704
North Dakota,2023,2,70.41,66.07,0.0,13.129999999999999,0.0,3.3200000000000003,0.0,1.28,0.0,0.0,0.0,15.44,0.0,0.0,0.0,3135704
North Dakota,2023,3,73.35,67.99,0.0,14.03,0.0,1.66,0.0,0.0,0.0,0.0,0.0,16.71,0.0,0.0,0.0,3135704
North Dakota,2023,4,92.36,83.67999999999999,0.0,15.82,0.0,0.0,0.0,0.0,0.0,0.0,0.0,20.02,0.0,0.0,0.0,3919630
North Dakota,2023,5,75.13,68.25,0.0,15.56,0.0,0.0,0.0,0.0,0.0,0.0,0.0,18.37,0.0,0.0,0.0,3135704
North Dakota,2023,6,63.4,58.3,0.0,11.61,0.0,0.0,0.0,0.0,0.0,0.0,0.0,14.16,1.28,0.0,0.0,3135704
North Dakota,2023,7,90.7,81.65,0.0,20.41,0.0,0.0,0.0,0.0,0.0,0.0,0.0,18.23,0.0,0.0,0.0,3919630
North Dakota,2023,8,68.24000000000001,63.65,0.0,15.69,0.0,1.4,0.0,0.0,0.0,0.0,0.0,15.31,0.0,0.0,0.0,3135704
North Dakota,2023,9,42.47,41.199999999999996,0.0,8.68,0.0,0.0,0.0,0.0,0.0,0.0,0.0,9.44,1.28,0.0,0.0,2351778
Ohio,2023,1,91.45,83.39,1.36,16.28,2.91,3.69,2.08,4.44,1.74,1.76,1.33,20.07,4.859999999999999,4.9399999999999995,3.37,47143740
Ohio,2023,2,85.96000000000001,77.61,1.31,15.83,3.06,3.24,1.21,4.37,1.45,1.58,1.06,19.19,4.87,2.92,1.88,47143740
Ohio,2023,3,86.64,78.68,1.5,16.54,2.6,3.36,1.03,4.4,1.66,1.77,1.3699999999999999,19.11,4.890000000000001,2.9000000000000004,1.84,47143740
Ohio,2023,4,105.35,94.81,1.58,19.91,3.56,3.38,1.55,5.45,1.86,1.75,1.75,23.54,5.83,2.88,1.6800000000000002,58929675
Ohio,2023,5,80.99000000000001,73.13,1.19,15.74,2.63,2.9000000000000004,0.92,4.04,1.67,1.49,1.62,17.490000000000002,4.4,1.25,0.74,47143740
Ohio,2023,6,79.5,72.10000000000001,1.15,15.98,2.45,3.03,0.8200000000000001,4.17,1.55,1.46,2.32,17.24,4.73,0.9199999999999999,0.59,47143740
Ohio,2023,7,96.17,88.53999999999999,1.3599999999999999,19.58,3.04,3.39,1.06,4.89,1.94,1.75,4.640000000000001,20.630000000000003,5.51,0.67,0.14,58929675
Ohio,2023,8,75.62,71.64999999999999,1.24,15.77,2.31,3.01,0.73,3.35,1.6400000000000001,1.3599999999999999,6.08,15.309999999999999,4.17,0.68,0.49,47143740
Ohio,2023,9,41.47,40.59,0.51,9.11,1.02,1.6800000000000002,0.51,2.09,0.76,0.5700000000000001,5.23,7.71,2.56,0.78,0.54,35357805
Oklahoma,2023,1,91.64,83.01,0.0,14.129999999999999,2.81,3.12,1.73,6.34,0.0,0.69,0.0,26.07,3.4299999999999997,6.21,3.9099999999999997,16215296
Oklahoma,2023,2,83.93,76.08,0.0,15.2,2.4899999999999998,2.95,0.96,6.21,0.0,0.5700000000000001,1.81,22.57,3.27,4.04,2.17,16215296
Oklahoma,2023,3,82.44,75.41,0.39,14.24,2.54,2.65,1.17,5.08,0.6,0.52,3.7,22.12,3.71,3.33,1.94,16215296
Oklahoma,2023,4,101.21,92.19,0.25,18.65,3.05,3.36,0.97,7.84,0.5900000000000001,0.6699999999999999,4.21,26.45,4.390000000000001,2.46,0.72,20269120
Oklahoma,2023,5,77.77,71.46000000000001,0.25,14.76,2.56,2.63,0.77,5.28,0.0,0.27,4.13,20.419999999999998,3.2,1.5,0.0,16215296
Oklahoma,2023,6,76.32,70.61,0.0,14.6,2.27,2.6399999999999997,0.89,5.25,0.0,0.0,4.49,21.41,2.84,0.3,0.0,16215296
Oklahoma,2023,7,94.56,87.0,0.25,18.77,2.68,3.16,0.62,5.94,0.0,0.3,7.3,23.75,3.42,0.0,0.0,20269120
Oklahoma,2023,8,73.66,68.7,0.0,15.25,2.12,2.3,0.25,4.71,0.0,0.0,7.42,17.78,2.54,0.8200000000000001,0.0,16215296
Oklahoma,2023,9,43.52,42.41,0.25,9.52,1.01,1.29,0.0,2.69,0.0,0.0,4.37,11.57,1.75,0.79,0.0,12161472
Oregon,2023,1,83.58,75.13,0.24,15.8,2.82,4.04,1.3,3.38,1.28,0.81,1.52,15.450000000000001,4.87,3.24,1.8900000000000001,16933432
Oregon,2023,2,81.41,72.8,0.0,15.35,2.67,3.85,0.0,4.02,1.25,0.31,1.3,16.04,4.2,2.19,1.31,16933432
Oregon,2023,3,80.39,72.13,0.5,14.84,2.27,3.59,0.0,3.7,1.09,0.0,1.4100000000000001,15.66,4.45,2.44,1.48,16933432
Oregon,2023,4,96.72999999999999,86.9,0.0,18.81,3.35,4.26,0.5,5.27,1.3,0.48,2.58,17.81,5.24,2.31,1.11,21166790
Oregon,2023,5,70.32000000000001,62.63,0.0,13.77,2.2199999999999998,3.36,0.0,3.52,1.27,0.48,2.25,12.7,3.5,0.99,0.26,16933432
Oregon,2023,6,72.95,65.24,0.26,15.219999999999999,2.51,3.61,0.0,3.52,0.52,0.24,2.27,13.25,4.05,0.43,0.28,16933432
Oregon,2023,7,91.92,83.57,0.0,19.04,2.6399999999999997,4.0,0.0,3.99,0.9,0.24,5.46,16.44,4.96,0.5,0.0,21166790
Oregon,2023,8,69.92,64.75,0.0,14.73,1.97,3.05,0.0,3.33,0.8300000000000001,0.33,5.6,11.620000000000001,3.9,0.5,0.0,16933432
Oregon,2023,9,36.92,35.91,0.0,8.59,0.54,1.8699999999999999,0.0,1.8900000000000001,0.0,0.0,2.41,6.52,1.96,0.0,0.0,12700074
Pennsylvania,2023,1,91.50999999999999,83.62,1.51,16.23,2.29,2.67,1.92,4.32,1.68,1.9300000000000002,1.34,20.41,4.52,5.37,3.63,51846732
Pennsylvania,2023,2,86.12,78.42,1.78,16.490000000000002,2.33,2.5,1.22,3.88,1.61,1.8399999999999999,1.37,19.28,4.07,3.68,2.4,51846732
Pennsylvania,2023,3,84.87,77.63,1.68,16.66,2.3,2.51,1.03,3.54,1.58,1.97,1.37,19.58,4.0600000000000005,3.04,1.8,51846732
Pennsylvania,2023,4,101.7,92.38,2.2600000000000002,19.84,2.74,3.0,1.3,4.54,2.0700000000000003,2.32,1.84,22.67,4.71,2.26,1.27,64808415
Pennsylvania,2023,5,78.93,71.65,1.4300000000000002,16.41,2.24,2.1,1.08,3.41,1.31,1.77,1.51,17.98,4.19,0.9500000000000001,0.61,51846732
Pennsylvania,2023,6,78.11,71.15,1.44,16.96,2.11,2.0,0.96,3.38,1.2999999999999998,1.63,1.8599999999999999,17.28,3.4,0.76,0.44,51846732
Pennsylvania,2023,7,94.04,86.42,1.95,20.59,2.5700000000000003,2.58,1.09,3.94,1.65,2.06,3.56,20.4,4.23,0.6699999999999999,0.31,64808415
Pennsylvania,2023,8,73.96,68.78,1.3800000000000001,16.22,1.8699999999999999,2.0300000000000002,0.97,2.79,1.28,1.62,3.79,15.91,3.23,0.88,0.63,51846732
Pennsylvania,2023,9,48.11,47.2,0.9,10.89,1.2,1.35,0.64,2.11,0.91,1.1600000000000001,3.27,10.57,2.08,1.07,0.75,38885049
Puerto Rico,2023,1,89.96000000000001,84.5,2.34,12.11,7.83,7.74,2.31,2.89,0.78,3.71,1.15,18.18,2.66,4.49,3.78,12822764
Puerto Rico,2023,2,86.91,81.71000000000001,2.25,12.23,7.62,7.67,2.06,2.9,1.49,2.41,1.61,15.41,3.18,3.3,2.91,12822764
Puerto Rico,2023,3,82.82,77.14,2.25,12.76,7.04,7.2,2.25,2.65,0.34,2.9,1.59,14.690000000000001,3.4699999999999998,1.56,0.78,12822764
Puerto Rico,2023,4,95.49,89.48,1.66,15.29,9.2,7.61,2.75,2.71,0.9,3.71,1.9900000000000002,18.43,3.65,0.6799999999999999,0.31,16028455
Puerto Rico,2023,5,78.64,73.43,1.28,12.6,6.22,7.23,1.7799999999999998,2.06,0.34,3.3000000000000003,2.31,14.85,2.52,1.91,1.53,12822764
Puerto Rico,2023,6,82.47,77.42,0.71,13.1,7.14,7.83,2.41,2.46,0.65,3.0300000000000002,2.29,14.23,2.4699999999999998,3.31,2.9,12822764
Puerto Rico,2023,7,100.36,95.09,1.4100000000000001,16.09,8.85,9.69,1.5899999999999999,2.75,0.31,3.16,3.42,16.88,3.7800000000000002,4.02,3.4699999999999998,16028455
Puerto Rico,2023,8,79.78999999999999,76.24,1.3699999999999999,13.540000000000001,6.46,7.18,2.1,2.28,1.06,2.69,2.8600000000000003,13.81,3.0,2.26,1.84,12822764
Puerto Rico,2023,9,48.85,47.45,0.81,8.209999999999999,4.99,4.18,1.25,1.44,0.68,1.8699999999999999,1.88,8.61,1.8800000000000001,1.34,1.0899999999999999,9617073
Rhode Island,2023,1,86.95,79.28999999999999,0.0,16.7,0.0,4.65,0.0,3.74,0.0,0.0,0.0,19.060000000000002,2.19,4.28,0.0,4383848
Rhode Island,2023,2,78.65,69.89,0.0,15.15,0.0,2.18,0.0,2.09,0.0,0.0,0.0,18.52,4.28,0.0,0.0,4383848
Rhode Island,2023,3,78.83,71.53999999999999,0.0,16.6,0.0,2.8200000000000003,0.0,0.0,0.0,0.0,0.0,15.870000000000001,4.5600000000000005,0.0,0.0,4383848
Rhode Island,2023,4,98.81,89.8,0.0,18.8,1.0,5.75,0.0,1.9100000000000001,0.0,0.0,0.0,21.82,3.38,0.0,0.0,5479810
Rhode Island,2023,5,71.63,64.78,0.0,16.52,0.0,1.0,0.0,0.0,0.0,0.0,1.09,15.87,0.0,0.0,0.0,4383848
Rhode Island,2023,6,72.0,67.98,0.0,15.959999999999999,0.91,2.37,0.0,0.0,0.0,0.0,3.64,15.69,0.91,0.0,0.0,4383848
Rhode Island,2023,7,86.6,81.39,0.0,18.34,0.0,1.09,0.0,3.56,0.0,0.0,6.58,17.240000000000002,1.19,0.0,0.0,5479810
Rhode Island,2023,8,64.23,60.87,0.0,13.68,0.91,0.91,0.0,1.0,0.0,0.0,6.02,12.86,2.09,0.0,0.0,4383848
Rhode Island,2023,9,48.08,46.35,0.0,10.3,0.0,1.28,0.0,1.09,0.0,0.0,3.6500000000000004,9.5,0.91,0.0,0.0,3287886
South Carolina,2023,1,88.48,79.91,1.3599999999999999,15.64,2.83,3.8200000000000003,1.2,4.5600000000000005,1.48,1.49,0.0,18.78,4.26,6.65,4.26,21494220
South Carolina,2023,2,84.72,75.13,1.15,15.280000000000001,2.33,3.51,1.2,4.81,1.45,1.26,0.0,17.73,4.07,3.79,1.95,21494220
South Carolina,2023,3,84.01,74.5,1.1800000000000002,16.33,2.33,2.91,0.52,3.84,1.1400000000000001,1.27,0.0,18.33,4.390000000000001,2.27,1.12,21494220
South Carolina,2023,4,99.2,88.57,1.6,19.25,2.94,4.22,0.61,4.71,1.71,1.57,0.45,21.16,4.78,1.65,0.7,26867775
South Carolina,2023,5,77.12,68.22,1.06,15.07,2.35,2.84,0.2,3.86,1.17,1.13,1.05,16.35,4.08,1.21,0.22,21494220
South Carolina,2023,6,78.31,69.74,0.8,14.91,2.14,3.61,0.7,3.3200000000000003,1.6600000000000001,1.35,1.9300000000000002,16.58,3.92,0.8700000000000001,0.0,21494220
South Carolina,2023,7,97.39,88.58,1.56,19.6,2.74,3.95,0.45,4.22,1.6400000000000001,1.48,4.34,19.47,5.09,0.45999999999999996,0.0,26867775
South Carolina,2023,8,76.42,71.17,1.11,15.59,2.06,3.31,0.39,3.27,1.43,1.06,5.84,14.96,3.4699999999999998,1.1,0.89,21494220
South Carolina,2023,9,51.67,50.04,0.63,10.98,1.43,2.1,0.24,2.55,0.78,0.87,4.5600000000000005,9.8,2.63,1.46,1.15,16120665
South Dakota,2023,1,76.57,70.49000000000001,0.0,13.16,1.2,3.49,0.0,2.4000000000000004,0.0,0.0,0.0,16.11,1.31,0.0,0.0,3677272
South Dakota,2023,2,69.73,63.97,0.0,13.91,1.09,0.0,0.0,0.0,0.0,0.0,0.0,15.0,1.31,1.2,0.0,3677272
South Dakota,2023,3,70.16,64.4,0.0,14.25,0.0,1.09,0.0,1.2,0.0,0.0,0.0,14.03,2.07,0.0,0.0,3677272
South Dakota,2023,4,90.39,84.09,0.0,19.03,0.0,0.0,0.0,4.69,0.0,0.0,0.0,20.45,4.029999999999999,0.0,0.0,4596590
South Dakota,2023,5,69.62,62.0,0.0,13.49,0.0,1.09,0.0,1.41,0.0,0.0,0.0,14.35,1.31,0.0,0.0,3677272
South Dakota,2023,6,66.9,60.7,0.0,15.56,0.0,0.0,0.0,1.31,0.0,0.0,0.0,14.469999999999999,1.09,0.0,0.0,3677272
South Dakota,2023,7,86.80000000000001,78.88,0.0,19.15,0.0,1.09,0.0,0.0,0.0,0.0,0.0,17.189999999999998,2.51,0.0,0.0,4596590
South Dakota,2023,8,66.9,60.05,0.0,15.549999999999999,0.0,0.0,0.0,1.09,0.0,0.0,0.0,13.93,0.0,0.0,0.0,3677272
South Dakota,2023,9,30.46,28.82,0.0,7.289999999999999,0.0,0.0,0.0,0.0,0.0,0.0,0.0,5.33,0.0,0.0,0.0,2757954
Tennessee,2023,1,98.13,87.71000000000001,1.23,16.71,2.87,3.2,2.18,5.359999999999999,1.52,1.5,1.02,21.89,4.24,5.76,3.9,28505956
Tennessee,2023,2,92.05,81.91,1.2999999999999998,17.06,3.13,2.78,1.31,4.97,1.0699999999999998,1.32,0.91,20.18,4.77,4.09,2.73,28505956
Tennessee,2023,3,90.87,80.4,1.13,17.34,2.98,2.6799999999999997,1.56,5.12,1.3,1.49,1.14,19.8,4.17,2.8,1.9300000000000002,28505956
Tennessee,2023,4,110.93,97.69,1.5099999999999998,20.68,3.63,3.18,1.58,6.35,1.33,1.6700000000000002,1.73,25.41,5.3100000000000005,2.58,1.51,35632445
Tennessee,2023,5,86.3,76.72999999999999,1.1,15.59,2.75,2.61,1.17,5.29,1.02,1.4700000000000002,1.81,18.990000000000002,4.51,1.38,0.8400000000000001,28505956
Tennessee,2023,6,84.09,74.25999999999999,0.99,15.99,2.5,3.08,1.3599999999999999,4.53,1.36,1.44,1.82,18.3,3.9800000000000004,0.84,0.32,28505956
Tennessee,2023,7,103.8,93.03,1.3599999999999999,20.83,3.09,3.67,1.5,4.82,1.23,1.38,4.199999999999999,22.42,5.11,0.6,0.0,35632445
Tennessee,2023,8,82.64,77.09,1.16,15.92,2.37,2.77,1.3,3.8600000000000003,0.72,1.33,6.34,17.7,4.07,1.5999999999999999,1.0899999999999999,28505956
Tennessee,2023,9,54.93000000000001,53.14,0.69,10.620000000000001,1.88,2.05,0.86,3.37,0.7,0.8400000000000001,4.95,10.879999999999999,2.71,1.55,1.15,21379467
Texas,2023,1,64.55,59.14,1.15,11.47,2.32,2.87,1.1400000000000001,2.91,1.04,1.28,0.86,13.86,3.34,3.34,2.44,122013204
Texas,2023,2,61.86,56.64,0.9000000000000001,11.5,2.14,2.71,0.9299999999999999,2.8,0.99,1.3399999999999999,1.05,13.48,3.22,2.17,1.44,122013204
Texas,2023,3,59.4,54.16,0.9,11.43,2.0,2.45,0.85,2.64,1.17,1.31,0.91,12.98,3.15,1.47,0.95,122013204
Texas,2023,4,71.43,64.78,1.12,13.82,2.37,3.02,0.87,3.27,1.26,1.33,1.01,15.41,3.88,1.27,0.84,152516505
Texas,2023,5,56.01,50.730000000000004,0.76,11.27,1.79,2.4,0.65,2.51,0.99,1.1700000000000002,0.94,12.04,3.02,0.65,0.43,122013204
Texas,2023,6,56.620000000000005,51.06,0.73,11.29,1.8599999999999999,2.48,0.6100000000000001,2.28,0.97,1.25,1.33,12.54,2.86,0.49,0.31,122013204
Texas,2023,7,69.66,63.47,1.09,13.76,2.16,2.9,0.77,2.8,1.1600000000000001,1.37,3.02,14.6,3.54,0.44999999999999996,0.25,152516505
Texas,2023,8,54.49,50.78,0.8,11.01,1.48,2.32,0.52,2.21,0.98,1.1,4.18,10.93,2.8,0.76,0.55,122013204
Texas,2023,9,30.93,30.33,0.54,6.89,0.95,1.51,0.34,1.33,0.56,0.61,2.25,6.289999999999999,1.71,0.71,0.52,91509903
United States,2023,1,78.37,71.42,1.11,14.18,2.41,2.96,1.6600000000000001,3.85,1.29,1.4000000000000001,0.99,17.14,4.02,4.1,2.77,1339659580
United States,2023,2,74.59,67.75999999999999,1.0,14.23,2.37,2.7800000000000002,1.12,3.6,1.2,1.35,1.04,16.57,3.8899999999999997,2.76,1.78,1339659580
United States,2023,3,72.89,66.21,1.01,14.06,2.27,2.6100000000000003,1.05,3.54,1.21,1.33,1.1400000000000001,16.25,3.79,2.17,1.38,1339659580
United States,2023,4,88.11,79.76,1.2,17.23,2.75,3.2199999999999998,1.22,4.37,1.45,1.57,1.62,19.51,4.640000000000001,1.8599999999999999,1.1600000000000001,1674574475
United States,2023,5,68.11,61.63,0.9,13.83,2.09,2.41,0.9299999999999999,3.2199999999999998,1.13,1.25,1.5,14.94,3.62,0.98,0.5800000000000001,1339659580
United States,2023,6,67.09,60.839999999999996,0.89,13.86,2.01,2.41,0.88,3.1100000000000003,1.06,1.22,1.8399999999999999,14.69,3.52,0.75,0.44,1339659580
United States,2023,7,82.53999999999999,75.55,1.1,17.3,2.48,2.94,0.99,3.74,1.3,1.43,3.62,17.67,4.28,0.77,0.47000000000000003,1674574475
United States,2023,8,65.01,60.87,0.85,13.85,1.9,2.42,0.75,2.8899999999999997,1.07,1.1400000000000001,4.03,13.51,3.46,0.98,0.66,1339659580
United States,2023,9,40.58,39.58,0.55,8.969999999999999,1.15,1.65,0.51,1.9,0.66,0.73,2.83,8.62,2.2,0.94,0.66,1004744685
Utah,2023,1,53.51,47.510000000000005,0.7,8.23,1.3199999999999998,2.75,1.26,2.6399999999999997,0.38,0.35,0.0,11.15,2.3200000000000003,0.79,0.32,13670936
Utah,2023,2,49.71,44.010000000000005,0.0,9.33,1.4100000000000001,2.34,0.0,2.05,0.29,0.0,0.0,10.77,1.44,0.0,0.0,13670936
Utah,2023,3,48.599999999999994,44.06,0.29,8.11,1.52,2.08,0.0,2.2,0.35,0.29,0.0,10.15,2.06,0.6699999999999999,0.0,13670936
Utah,2023,4,61.83,54.6,0.0,10.15,2.05,3.17,0.0,2.7,0.0,0.0,0.35,13.72,2.69,0.0,0.0,17088670
Utah,2023,5,47.459999999999994,42.04,0.0,8.25,1.64,1.9300000000000002,0.0,1.88,0.29,0.29,0.0,10.27,2.11,0.0,0.0,13670936
Utah,2023,6,46.17,40.67,0.29,8.1,1.64,2.0,0.0,1.76,0.41,0.6399999999999999,0.0,9.68,1.52,0.0,0.0,13670936
Utah,2023,7,58.019999999999996,51.79,0.0,10.27,1.99,2.49,0.0,2.52,0.35,0.32,2.02,11.44,2.51,0.0,0.0,17088670
Utah,2023,8,46.760000000000005,43.1,0.0,8.32,1.1099999999999999,2.25,0.0,1.9,0.29,0.0,3.83,8.95,2.05,0.0,0.0,13670936
Utah,2023,9,31.490000000000002,30.54,0.0,6.0,0.38,1.88,0.0,1.05,0.0,0.0,3.13,6.5,1.35,0.0,0.0,10253202
Vermont,2023,1,82.78,73.83,0.0,18.08,0.0,1.7,0.0,1.54,0.0,0.0,0.0,19.61,0.0,0.0,0.0,2589856
Vermont,2023,2,80.63,70.42,0.0,14.05,0.0,0.0,0.0,1.54,0.0,0.0,0.0,18.69,0.0,2.01,0.0,2589856
Vermont,2023,3,80.46000000000001,74.14,0.0,17.3,0.0,0.0,0.0,3.55,0.0,0.0,0.0,19.299999999999997,0.0,0.0,0.0,2589856
Vermont,2023,4,98.69,87.57,0.0,23.02,0.0,0.0,0.0,1.54,0.0,0.0,0.0,20.07,0.0,1.54,0.0,3237320
Vermont,2023,5,69.2,61.32,0.0,13.44,0.0,1.85,0.0,0.0,0.0,0.0,0.0,14.989999999999998,0.0,0.0,0.0,2589856
Vermont,2023,6,71.35,64.72,0.0,17.46,0.0,0.0,0.0,0.0,0.0,0.0,0.0,15.290000000000001,0.0,0.0,0.0,2589856
Vermont,2023,7,89.58,79.69,0.0,23.01,0.0,0.0,0.0,3.55,0.0,0.0,0.0,18.07,0.0,0.0,0.0,3237320
Vermont,2023,8,68.25999999999999,63.32,0.0,16.22,0.0,0.0,0.0,0.0,0.0,0.0,0.0,13.59,0.0,0.0,0.0,2589856
Vermont,2023,9,50.34,46.64,0.0,11.12,0.0,0.0,0.0,0.0,0.0,0.0,2.93,11.74,0.0,0.0,0.0,1942392
Virginia,2023,1,75.09,68.95,0.79,13.440000000000001,2.45,2.19,1.22,3.6399999999999997,1.4,1.44,0.8500000000000001,15.65,3.88,4.79,3.17,34862792
Virginia,2023,2,72.95,66.72,0.91,13.76,2.35,2.39,0.78,3.43,1.4500000000000002,1.5,0.89,15.36,4.47,3.32,2.05,34862792
Virginia,2023,3,69.22999999999999,63.21,1.03,14.05,2.52,1.69,0.79,2.6799999999999997,1.27,1.54,0.88,14.25,3.79,1.75,1.2,34862792
Virginia,2023,4,83.35,75.88,1.23,16.56,2.62,2.4299999999999997,0.9400000000000001,3.49,1.32,1.94,1.29,18.34,4.41,1.51,0.87,43578490
Virginia,2023,5,64.69,59.42,0.93,13.74,2.04,1.72,0.69,3.02,1.1400000000000001,1.21,1.81,13.97,3.48,0.75,0.25,34862792
Virginia,2023,6,64.42,59.9,0.8500000000000001,14.17,1.97,1.65,0.9,2.87,1.17,1.32,3.15,13.71,3.4699999999999998,0.47000000000000003,0.25,34862792
Virginia,2023,7,78.66,73.88,0.89,17.43,2.66,2.45,0.79,3.39,1.71,1.79,4.54,16.16,4.23,0.53,0.0,43578490
Virginia,2023,8,64.58,60.58,0.84,14.11,1.98,2.05,0.44,2.81,1.31,1.04,3.6900000000000004,13.31,3.3200000000000003,0.85,0.5,34862792
Virginia,2023,9,42.56,41.04,0.5,9.45,1.42,1.42,0.55,1.63,0.61,0.71,2.4,9.14,2.5300000000000002,0.8200000000000001,0.55,26147094
Washington,2023,1,71.71000000000001,63.5,0.73,14.19,1.8900000000000001,3.96,1.1099999999999999,3.27,1.15,0.4,0.8200000000000001,13.469999999999999,3.38,2.52,1.6099999999999999,31251520
Washington,2023,2,66.42999999999999,59.46,0.8200000000000001,13.44,2.14,3.3,0.77,2.88,0.65,0.49,0.8200000000000001,12.66,3.23,2.27,1.41,31251520
Washington,2023,3,67.18,59.019999999999996,0.56,13.34,2.0,3.24,0.52,2.74,0.9,0.6,1.05,12.92,3.1999999999999997,1.86,1.26,31251520
Washington,2023,4,82.65,72.8,0.72,16.8,2.6,4.71,0.6799999999999999,3.54,1.22,0.33,1.1400000000000001,16.19,3.92,2.2399999999999998,1.36,39064400
Washington,2023,5,61.47,53.86,0.35,13.129999999999999,1.88,2.73,0.65,2.7,0.91,0.44,1.01,11.4,2.6,0.9800000000000001,0.44,31251520
Washington,2023,6,60.56,53.58,0.65,13.129999999999999,1.61,3.1,0.74,2.7,0.5900000000000001,0.67,1.58,11.27,2.7800000000000002,0.7000000000000001,0.15,31251520
Washington,2023,7,74.62,66.11,0.63,16.23,2.12,3.46,0.3,3.0,1.07,0.18,2.85,13.85,3.56,0.51,0.14,39064400
Washington,2023,8,60.129999999999995,54.42,0.43000000000000005,13.55,1.7,2.9,0.0,2.22,1.0,0.35,3.28,10.969999999999999,2.76,1.06,0.64,31251520
Washington,2023,9,37.8,36.43,0.28,8.96,1.01,1.97,0.18,1.56,0.6,0.13,2.3,6.96,1.95,1.04,0.76,23438640
West Virginia,2023,1,118.13,106.21,0.68,18.58,4.91,3.16,2.71,8.36,0.68,2.87,2.6,24.75,5.1899999999999995,7.06,4.97,7080284
West Virginia,2023,2,117.80000000000001,105.92,0.0,21.8,4.52,2.4299999999999997,1.4100000000000001,8.53,0.62,1.4700000000000002,2.09,26.11,4.01,6.779999999999999,4.6899999999999995,7080284
West Virginia,2023,3,106.9,95.25,0.0,20.01,3.95,1.81,0.0,7.0,0.0,2.09,0.56,21.35,3.66,4.12,2.87,7080284
West Virginia,2023,4,133.1,118.42,0.0,23.95,4.87,1.4700000000000002,2.31,8.02,1.4100000000000001,0.85,1.6800000000000002,29.43,5.6,1.6300000000000001,0.73,8850355
West Virginia,2023,5,100.0,88.47,0.0,19.48,3.5,1.35,1.9700000000000002,5.4799999999999995,0.56,0.62,1.2400000000000002,21.41,4.86,0.0,0.0,7080284
West Virginia,2023,6,94.75,84.23,0.0,18.71,3.45,2.37,1.97,6.16,0.0,0.0,1.4100000000000001,19.88,4.63,0.0,0.0,7080284
West Virginia,2023,7,124.3,112.82,0.0,22.88,5.09,1.7400000000000002,0.0,7.29,0.0,1.92,6.88,26.5,5.140000000000001,0.0,0.0,8850355
West Virginia,2023,8,98.7,93.55,0.0,19.78,4.23,2.2,0.68,5.029999999999999,1.2400000000000002,0.68,7.85,19.61,4.41,0.0,0.0,7080284
West Virginia,2023,9,66.33,63.84,0.0,13.22,1.7,0.56,0.0,4.12,0.0,0.0,6.609999999999999,13.95,3.16,1.69,0.68,5310213
Wisconsin,2023,1,81.53999999999999,73.93,1.03,15.58,2.16,3.59,1.83,3.7600000000000002,0.91,1.01,1.3,17.240000000000002,3.59,2.85,1.73,23643820
Wisconsin,2023,2,76.58,69.34,0.66,15.51,1.94,3.0300000000000002,0.86,3.3200000000000003,1.15,1.0899999999999999,1.21,17.16,3.54,2.54,1.69,23643820
Wisconsin,2023,3,75.31,68.43,0.73,14.07,2.01,3.19,0.63,3.24,1.3,1.02,1.78,17.369999999999997,3.65,2.4699999999999998,1.71,23643820
Wisconsin,2023,4,91.95,84.16,0.98,18.17,2.1500000000000004,3.97,0.5900000000000001,4.34,1.53,1.26,3.04,20.520000000000003,4.51,2.1799999999999997,1.47,29554775
Wisconsin,2023,5,72.7,66.03,0.65,15.42,1.8399999999999999,2.99,0.44,3.29,0.93,1.05,2.59,16.01,3.49,1.03,0.2,23643820
Wisconsin,2023,6,72.65,65.83,0.86,15.45,1.99,2.64,0.37,2.97,0.92,1.13,2.63,15.6,3.55,0.2,0.0,23643820
Wisconsin,2023,7,86.19,78.74,0.6900000000000001,17.62,2.22,3.0,0.42000000000000004,3.67,1.01,1.1600000000000001,4.1,19.46,3.86,0.17,0.0,29554775
Wisconsin,2023,8,69.27,63.98,0.24,15.66,1.45,2.67,0.0,2.99,0.9299999999999999,1.13,4.08,14.7,3.3200000000000003,0.39,0.0,23643820
Wisconsin,2023,9,44.599999999999994,43.5,0.43,10.27,1.01,2.08,0.19,1.8,0.5900000000000001,0.61,2.95,9.42,2.58,0.24,0.0,17732865
Wyoming,2023,1,72.58,63.69,0.0,12.15,0.0,0.0,0.0,2.91,0.0,0.0,0.0,10.96,0.0,0.0,0.0,2336228
Wyoming,2023,2,69.85,61.980000000000004,0.0,12.84,0.0,0.0,0.0,0.0,0.0,0.0,0.0,15.74,0.0,0.0,0.0,2336228
Wyoming,2023,3,67.96000000000001,61.47,0.0,11.120000000000001,0.0,0.0,0.0,1.88,0.0,0.0,0.0,14.040000000000001,0.0,0.0,0.0,2336228
Wyoming,2023,4,91.43,82.19,0.0,16.09,0.0,0.0,0.0,5.65,0.0,0.0,0.0,20.380000000000003,0.0,0.0,0.0,2920285
Wyoming,2023,5,67.12,58.38,0.0,7.869999999999999,0.0,0.0,0.0,0.0,0.0,0.0,0.0,15.24,0.0,0.0,0.0,2336228
Wyoming,2023,6,61.81,52.56,0.0,12.67,0.0,0.0,0.0,0.0,0.0,0.0,0.0,13.69,0.0,0.0,0.0,2336228
Wyoming,2023,7,87.15,78.94,0.0,18.66,0.0,0.0,0.0,0.0,0.0,0.0,0.0,16.95,0.0,0.0,0.0,2920285
Wyoming,2023,8,68.66,61.81,0.0,15.24,0.0,0.0,0.0,0.0,0.0,0.0,1.71,13.18,0.0,0.0,0.0,2336228
Wyoming,2023,9,35.09,34.41,0.0,5.48,0.0,0.0,0.0,0.0,0.0,0.0,2.23,4.279999999999999,0.0,0.0,0.0,1752171
